"วันเดือนปี","ล่าสุด","ราคาเปิด","สูงสุด","ต่ำสุด","ปริมาณ","% เปลี่ยน"
"03/21/2024","36.060","35.915","36.080","35.889","","0.36%"
"03/20/2024","35.930","36.091","36.210","35.900","","-0.28%"
"03/19/2024","36.030","35.985","36.110","35.940","","0.19%"
"03/18/2024","35.960","35.890","36.010","35.880","","0.28%"
"03/15/2024","35.860","35.780","35.930","35.760","","0.25%"
"03/14/2024","35.770","35.640","35.820","35.600","","0.39%"
"03/13/2024","35.630","35.750","35.785","35.560","","-0.31%"
"03/12/2024","35.740","35.415","35.800","35.380","","0.96%"
"03/11/2024","35.400","35.400","35.500","35.345","","0.08%"
"03/08/2024","35.370","35.560","35.595","35.295","","-0.45%"
"03/07/2024","35.530","35.610","35.665","35.505","","-0.20%"
"03/06/2024","35.600","35.820","35.870","35.570","","-0.59%"
"03/05/2024","35.810","35.755","35.880","35.720","","0.20%"
"03/04/2024","35.740","35.860","35.870","35.730","","-0.31%"
"03/01/2024","35.850","35.900","36.010","35.820","","-0.08%"
"02/29/2024","35.880","35.950","36.050","35.785","","-0.31%"
"02/28/2024","35.990","35.860","36.090","35.815","","0.36%"
"02/27/2024","35.860","35.880","35.970","35.770","","-0.08%"
"02/26/2024","35.890","35.960","36.025","35.815","","-0.17%"
"02/23/2024","35.950","35.945","36.140","35.890","","0.03%"
"02/22/2024","35.940","35.880","35.990","35.720","","0.20%"
"02/21/2024","35.870","35.995","36.080","35.775","","-0.42%"
"02/20/2024","36.020","36.040","36.230","35.950","","0.00%"
"02/19/2024","36.020","36.030","36.090","35.890","","0.08%"
"02/16/2024","35.990","36.070","36.170","35.960","","-0.19%"
"02/15/2024","36.060","36.110","36.200","36.030","","-0.11%"
"02/14/2024","36.100","36.060","36.210","36.040","","0.22%"
"02/13/2024","36.020","35.890","36.090","35.655","","0.39%"
"02/12/2024","35.880","35.910","35.965","35.830","","-0.03%"
"02/09/2024","35.890","35.860","35.990","35.815","","0.11%"
"02/08/2024","35.850","35.615","35.940","35.560","","0.70%"
"02/07/2024","35.600","35.600","35.660","35.425","","0.14%"
"02/06/2024","35.550","35.800","35.825","35.500","","-0.67%"
"02/05/2024","35.790","35.560","35.870","35.550","","0.56%"
"02/02/2024","35.590","35.335","35.650","35.165","","0.74%"
"02/01/2024","35.330","35.550","35.610","35.280","","-0.56%"
"01/31/2024","35.530","35.400","35.625","35.270","","0.42%"
"01/30/2024","35.380","35.440","35.465","35.260","","-0.14%"
"01/29/2024","35.430","35.620","35.680","35.415","","-0.59%"
"01/26/2024","35.640","35.750","35.780","35.505","","-0.25%"
"01/25/2024","35.730","35.720","35.810","35.640","","0.03%"
"01/24/2024","35.720","35.700","35.890","35.550","","0.08%"
"01/23/2024","35.690","35.610","35.760","35.490","","0.28%"
"01/22/2024","35.590","35.540","35.685","35.440","","0.25%"
"01/19/2024","35.500","35.590","35.610","35.425","","-0.17%"
"01/18/2024","35.560","35.610","35.690","35.420","","-0.14%"
"01/17/2024","35.610","35.415","35.710","35.370","","0.71%"
"01/16/2024","35.360","34.950","35.450","34.915","","1.20%"
"01/15/2024","34.940","34.960","35.020","34.755","","0.23%"
"01/12/2024","34.860","35.120","35.160","34.855","","-0.57%"
"01/11/2024","35.060","35.040","35.230","34.910","","0.00%"
"01/10/2024","35.060","34.940","35.210","34.900","","0.49%"
"01/09/2024","34.890","34.940","35.020","34.810","","-0.11%"
"01/08/2024","34.930","34.670","35.100","34.580","","0.78%"
"01/05/2024","34.660","34.525","34.950","34.430","","0.43%"
"01/04/2024","34.510","34.480","34.625","34.405","","0.09%"
"01/03/2024","34.480","34.260","34.550","34.190","","0.64%"
"01/02/2024","34.260","34.390","34.390","34.105","","-0.35%"
"01/01/2024","34.380","34.390","34.390","34.390","","0.09%"
"12/29/2023","34.350","34.270","34.465","34.125","","0.26%"
"12/28/2023","34.260","34.350","34.350","34.085","","-0.20%"
"12/27/2023","34.330","34.560","34.595","34.265","","-0.64%"
"12/26/2023","34.550","34.610","34.720","34.515","","-0.14%"
"12/25/2023","34.600","34.600","34.690","34.520","","0.14%"
"12/22/2023","34.550","34.800","34.800","34.440","","-0.69%"
"12/21/2023","34.790","34.990","35.010","34.715","","-0.51%"
"12/20/2023","34.970","34.840","35.010","34.810","","0.40%"
"12/19/2023","34.830","34.980","35.030","34.775","","-0.37%"
"12/18/2023","34.960","34.890","35.040","34.870","","0.17%"
"12/15/2023","34.900","34.880","35.010","34.760","","0.09%"
"12/14/2023","34.870","35.340","35.370","34.780","","-1.19%"
"12/13/2023","35.290","35.700","35.840","35.280","","-1.09%"
"12/12/2023","35.680","35.750","35.780","35.480","","-0.14%"
"12/11/2023","35.730","35.540","35.800","35.450","","0.59%"
"12/08/2023","35.520","35.140","35.575","35.055","","1.11%"
"12/07/2023","35.130","35.160","35.395","35.110","","-0.14%"
"12/06/2023","35.180","35.240","35.290","35.010","","-0.09%"
"12/05/2023","35.210","35.250","35.340","35.095","","-0.09%"
"12/04/2023","35.240","34.910","35.295","34.680","","1.15%"
"12/01/2023","34.840","35.290","35.345","34.825","","-1.33%"
"11/30/2023","35.310","34.830","35.390","34.765","","1.41%"
"11/29/2023","34.820","34.770","34.920","34.560","","0.26%"
"11/28/2023","34.730","35.065","35.100","34.685","","-0.97%"
"11/27/2023","35.070","35.400","35.415","35.040","","-0.62%"
"11/24/2023","35.290","35.250","35.520","35.225","","0.09%"
"11/23/2023","35.260","35.245","35.320","35.180","","0.11%"
"11/22/2023","35.220","35.180","35.310","35.095","","0.23%"
"11/21/2023","35.140","35.210","35.255","35.015","","-0.14%"
"11/20/2023","35.190","35.110","35.280","35.020","","0.17%"
"11/17/2023","35.130","35.210","35.280","34.985","","-0.20%"
"11/16/2023","35.200","35.590","35.720","35.115","","-0.93%"
"11/15/2023","35.530","35.525","35.680","35.420","","0.08%"
"11/14/2023","35.500","35.980","36.140","35.475","","-1.33%"
"11/13/2023","35.980","35.970","36.160","35.905","","0.11%"
"11/10/2023","35.940","35.740","36.075","35.720","","0.59%"
"11/09/2023","35.730","35.530","35.810","35.400","","0.62%"
"11/08/2023","35.510","35.580","35.635","35.440","","-0.06%"
"11/07/2023","35.530","35.515","35.660","35.420","","0.14%"
"11/06/2023","35.480","35.510","35.580","35.370","","0.14%"
"11/03/2023","35.430","35.985","36.030","35.390","","-1.39%"
"11/02/2023","35.930","36.190","36.190","35.840","","-0.66%"
"11/01/2023","36.170","36.120","36.340","36.085","","0.08%"
"10/31/2023","36.140","35.900","36.175","35.855","","0.70%"
"10/30/2023","35.890","36.160","36.170","35.855","","-0.61%"
"10/27/2023","36.110","36.280","36.290","36.090","","-0.50%"
"10/26/2023","36.290","36.230","36.390","36.210","","0.19%"
"10/25/2023","36.220","36.200","36.245","36.050","","0.14%"
"10/24/2023","36.170","36.310","36.340","36.090","","-0.33%"
"10/23/2023","36.290","36.490","36.630","36.280","","-0.47%"
"10/20/2023","36.460","36.420","36.570","36.380","","0.14%"
"10/19/2023","36.410","36.380","36.520","36.355","","0.11%"
"10/18/2023","36.370","36.340","36.430","36.230","","0.11%"
"10/17/2023","36.330","36.250","36.490","36.250","","0.28%"
"10/16/2023","36.230","36.250","36.400","36.180","","0.06%"
"10/13/2023","36.210","36.400","36.550","36.140","","-0.47%"
"10/12/2023","36.380","36.410","36.450","36.080","","-0.11%"
"10/11/2023","36.420","36.620","36.640","36.305","","-0.46%"
"10/10/2023","36.590","36.970","37.020","36.565","","-1.00%"
"10/09/2023","36.960","37.010","37.140","36.930","","0.19%"
"10/06/2023","36.890","36.970","37.200","36.860","","-0.19%"
"10/05/2023","36.960","36.905","37.085","36.780","","0.19%"
"10/04/2023","36.890","37.080","37.240","36.875","","-0.43%"
"10/03/2023","37.050","36.950","37.160","36.945","","0.32%"
"10/02/2023","36.930","36.550","36.990","36.530","","1.15%"
"09/29/2023","36.510","36.560","36.650","36.385","","-0.14%"
"09/28/2023","36.560","36.670","36.830","36.540","","-0.33%"
"09/27/2023","36.680","36.400","36.760","36.380","","0.80%"
"09/26/2023","36.390","36.190","36.490","36.155","","0.52%"
"09/25/2023","36.200","35.990","36.210","35.900","","0.47%"
"09/22/2023","36.030","36.160","36.250","35.885","","-0.22%"
"09/21/2023","36.110","36.140","36.320","36.060","","-0.03%"
"09/20/2023","36.120","36.020","36.345","35.845","","0.28%"
"09/19/2023","36.020","35.690","36.080","35.650","","0.98%"
"09/18/2023","35.670","35.710","35.760","35.630","","0.06%"
"09/15/2023","35.650","35.790","35.850","35.645","","-0.28%"
"09/14/2023","35.750","35.720","35.830","35.615","","0.11%"
"09/13/2023","35.710","35.600","35.820","35.565","","0.48%"
"09/12/2023","35.540","35.500","35.740","35.470","","0.14%"
"09/11/2023","35.490","35.640","35.640","35.420","","-0.45%"
"09/08/2023","35.650","35.645","35.655","35.445","","0.17%"
"09/07/2023","35.590","35.540","35.660","35.495","","0.17%"
"09/06/2023","35.530","35.465","35.600","35.405","","0.25%"
"09/05/2023","35.440","35.250","35.500","35.220","","0.60%"
"09/04/2023","35.230","35.100","35.270","35.060","","0.54%"
"09/01/2023","35.040","35.010","35.150","34.890","","0.17%"
"08/31/2023","34.980","35.050","35.060","34.870","","-0.17%"
"08/30/2023","35.040","35.020","35.130","34.930","","0.09%"
"08/29/2023","35.010","35.220","35.260","34.980","","-0.57%"
"08/28/2023","35.210","35.160","35.300","35.080","","0.23%"
"08/25/2023","35.130","34.990","35.200","34.950","","0.46%"
"08/24/2023","34.970","34.980","35.035","34.820","","0.03%"
"08/23/2023","34.960","35.040","35.130","34.865","","-0.14%"
"08/22/2023","35.010","35.220","35.220","34.910","","-0.60%"
"08/21/2023","35.220","35.380","35.430","35.110","","-0.45%"
"08/18/2023","35.380","35.480","35.530","35.315","","-0.25%"
"08/17/2023","35.470","35.450","35.600","35.340","","0.00%"
"08/16/2023","35.470","35.380","35.510","35.290","","0.31%"
"08/15/2023","35.360","35.240","35.455","35.230","","0.40%"
"08/14/2023","35.220","35.100","35.340","35.090","","0.43%"
"08/11/2023","35.070","35.125","35.195","35.010","","-0.11%"
"08/10/2023","35.110","35.050","35.160","34.870","","0.26%"
"08/09/2023","35.020","35.030","35.090","34.835","","0.00%"
"08/08/2023","35.020","34.840","35.070","34.795","","0.55%"
"08/07/2023","34.830","34.690","34.890","34.620","","0.46%"
"08/04/2023","34.670","34.615","34.810","34.530","","0.14%"
"08/03/2023","34.620","34.490","34.700","34.395","","0.41%"
"08/02/2023","34.480","34.350","34.530","34.225","","0.47%"
"08/01/2023","34.320","34.220","34.430","34.135","","0.32%"
"07/31/2023","34.210","34.260","34.320","34.090","","-0.09%"
"07/28/2023","34.240","34.480","34.570","34.190","","-0.55%"
"07/27/2023","34.430","34.195","34.500","34.010","","0.67%"
"07/26/2023","34.200","34.490","34.550","34.155","","-0.73%"
"07/25/2023","34.450","34.530","34.610","34.375","","-0.17%"
"07/24/2023","34.510","34.430","34.565","34.370","","0.32%"
"07/21/2023","34.400","34.200","34.480","34.175","","0.58%"
"07/20/2023","34.200","34.040","34.250","33.755","","0.56%"
"07/19/2023","34.010","34.070","34.190","33.895","","-0.18%"
"07/18/2023","34.070","34.610","34.630","33.945","","-1.53%"
"07/17/2023","34.600","34.650","34.725","34.565","","0.03%"
"07/14/2023","34.590","34.520","34.725","34.490","","0.20%"
"07/13/2023","34.520","34.670","34.735","34.485","","-0.40%"
"07/12/2023","34.660","34.780","35.085","34.620","","-0.32%"
"07/11/2023","34.770","35.110","35.120","34.760","","-0.91%"
"07/10/2023","35.090","35.160","35.230","35.060","","-0.17%"
"07/07/2023","35.150","35.190","35.300","35.070","","-0.09%"
"07/06/2023","35.180","34.990","35.250","34.935","","0.51%"
"07/05/2023","35.000","34.900","35.010","34.820","","0.32%"
"07/04/2023","34.890","35.030","35.110","34.830","","-0.37%"
"07/03/2023","35.020","35.310","35.330","34.960","","-0.71%"
"06/30/2023","35.270","35.640","35.720","35.245","","-0.98%"
"06/29/2023","35.620","35.570","35.745","35.550","","0.11%"
"06/28/2023","35.580","35.240","35.660","35.240","","0.99%"
"06/27/2023","35.230","35.190","35.300","35.140","","0.06%"
"06/26/2023","35.210","35.240","35.280","35.140","","-0.03%"
"06/23/2023","35.220","35.130","35.285","35.070","","0.31%"
"06/22/2023","35.110","34.810","35.160","34.770","","0.98%"
"06/21/2023","34.770","34.840","34.920","34.770","","-0.20%"
"06/20/2023","34.840","34.760","34.870","34.670","","0.29%"
"06/19/2023","34.740","34.690","34.805","34.660","","0.20%"
"06/16/2023","34.670","34.610","34.720","34.580","","0.23%"
"06/15/2023","34.590","34.690","34.880","34.565","","-0.29%"
"06/14/2023","34.690","34.640","34.770","34.580","","0.06%"
"06/13/2023","34.670","34.640","34.715","34.450","","0.09%"
"06/12/2023","34.640","34.600","34.745","34.550","","0.14%"
"06/09/2023","34.590","34.630","34.675","34.550","","-0.09%"
"06/08/2023","34.620","34.820","34.920","34.620","","-0.60%"
"06/07/2023","34.830","34.790","34.870","34.675","","0.14%"
"06/06/2023","34.780","34.800","34.860","34.720","","0.00%"
"06/05/2023","34.780","34.770","34.910","34.750","","0.03%"
"06/02/2023","34.770","34.575","34.810","34.480","","0.55%"
"06/01/2023","34.580","34.720","34.900","34.555","","-0.17%"
"05/31/2023","34.640","34.705","34.825","34.605","","-0.20%"
"05/30/2023","34.710","34.720","34.895","34.595","","0.03%"
"05/29/2023","34.700","34.760","34.895","34.660","","-0.03%"
"05/26/2023","34.710","34.710","34.800","34.575","","0.12%"
"05/25/2023","34.670","34.650","34.760","34.560","","0.09%"
"05/24/2023","34.640","34.610","34.685","34.410","","0.12%"
"05/23/2023","34.600","34.470","34.745","34.415","","0.41%"
"05/22/2023","34.460","34.370","34.530","34.250","","0.53%"
"05/19/2023","34.280","34.415","34.520","34.295","","-0.41%"
"05/18/2023","34.420","34.270","34.480","34.100","","0.53%"
"05/17/2023","34.240","34.060","34.350","34.030","","0.41%"
"05/16/2023","34.100","33.790","34.140","33.720","","0.92%"
"05/15/2023","33.790","33.930","33.940","33.700","","-0.41%"
"05/12/2023","33.930","33.850","34.010","33.800","","0.33%"
"05/11/2023","33.820","33.650","33.870","33.560","","0.51%"
"05/10/2023","33.650","33.715","33.745","33.490","","-0.18%"
"05/09/2023","33.710","33.870","33.890","33.640","","-0.50%"
"05/08/2023","33.880","33.900","34.025","33.780","","0.00%"
"05/05/2023","33.880","33.790","33.935","33.650","","0.33%"
"05/04/2023","33.770","33.930","33.940","33.760","","-0.47%"
"05/03/2023","33.930","34.120","34.120","33.870","","-0.44%"
"05/02/2023","34.080","34.230","34.250","34.060","","-0.41%"
"05/01/2023","34.220","34.130","34.250","34.100","","0.29%"
"04/28/2023","34.120","34.150","34.210","34.045","","-0.06%"
"04/27/2023","34.140","34.150","34.220","34.045","","0.00%"
"04/26/2023","34.140","34.400","34.410","34.065","","-0.76%"
"04/25/2023","34.400","34.360","34.460","34.230","","0.17%"
"04/24/2023","34.340","34.390","34.520","34.340","","-0.03%"
"04/21/2023","34.350","34.330","34.470","34.290","","0.06%"
"04/20/2023","34.330","34.440","34.490","34.260","","-0.32%"
"04/19/2023","34.440","34.280","34.510","34.210","","0.47%"
"04/18/2023","34.280","34.500","34.505","34.230","","-0.61%"
"04/17/2023","34.490","34.290","34.510","34.260","","0.76%"
"04/14/2023","34.230","34.000","34.390","33.950","","0.80%"
"04/13/2023","33.960","34.125","34.190","33.975","","-0.50%"
"04/12/2023","34.130","34.280","34.295","34.100","","-0.38%"
"04/11/2023","34.260","34.380","34.405","34.195","","-0.29%"
"04/10/2023","34.360","34.160","34.410","34.160","","0.64%"
"04/07/2023","34.140","34.085","34.200","34.035","","0.15%"
"04/06/2023","34.090","33.940","34.185","33.925","","0.56%"
"04/05/2023","33.900","34.035","34.060","33.775","","-0.41%"
"04/04/2023","34.040","34.220","34.315","34.020","","-0.47%"
"04/03/2023","34.200","34.160","34.470","34.160","","0.12%"
"03/31/2023","34.160","34.130","34.220","34.005","","0.09%"
"03/30/2023","34.130","34.180","34.345","34.085","","-0.18%"
"03/29/2023","34.190","34.260","34.360","34.115","","-0.15%"
"03/28/2023","34.240","34.430","34.450","34.200","","-0.49%"
"03/27/2023","34.410","34.220","34.480","34.170","","0.73%"
"03/24/2023","34.160","33.990","34.295","33.980","","0.47%"
"03/23/2023","34.000","34.280","34.280","33.890","","-0.73%"
"03/22/2023","34.250","34.430","34.560","34.100","","-0.55%"
"03/21/2023","34.440","34.080","34.500","34.000","","1.03%"
"03/20/2023","34.090","34.090","34.175","34.000","","-0.06%"
"03/17/2023","34.110","34.450","34.450","34.025","","-0.93%"
"03/16/2023","34.430","34.640","34.650","34.340","","-0.55%"
"03/15/2023","34.620","34.580","34.760","34.450","","0.14%"
"03/14/2023","34.570","34.520","34.685","34.410","","0.20%"
"03/13/2023","34.500","34.760","34.770","34.420","","-0.89%"
"03/10/2023","34.810","34.980","35.150","34.640","","-0.54%"
"03/09/2023","35.000","35.050","35.150","34.915","","-0.17%"
"03/08/2023","35.060","35.100","35.195","34.980","","-0.03%"
"03/07/2023","35.070","34.470","35.110","34.445","","1.71%"
"03/06/2023","34.480","34.540","34.650","34.390","","0.03%"
"03/03/2023","34.470","34.820","34.860","34.480","","-1.01%"
"03/02/2023","34.820","34.710","34.965","34.665","","0.35%"
"03/01/2023","34.700","35.230","35.365","34.630","","-1.48%"
"02/28/2023","35.220","35.010","35.390","34.945","","0.63%"
"02/27/2023","35.000","34.960","35.165","34.920","","0.23%"
"02/24/2023","34.920","34.690","35.000","34.620","","0.63%"
"02/23/2023","34.700","34.620","34.760","34.485","","0.32%"
"02/22/2023","34.590","34.600","34.715","34.520","","0.06%"
"02/21/2023","34.570","34.390","34.690","34.355","","0.55%"
"02/20/2023","34.380","34.460","34.490","34.310","","-0.23%"
"02/17/2023","34.460","34.370","34.635","34.370","","0.41%"
"02/16/2023","34.320","34.265","34.500","34.090","","0.15%"
"02/15/2023","34.270","33.890","34.465","33.855","","1.15%"
"02/14/2023","33.880","33.810","33.950","33.690","","0.27%"
"02/13/2023","33.790","33.710","33.925","33.710","","0.42%"
"02/10/2023","33.650","33.590","33.810","33.500","","0.27%"
"02/09/2023","33.560","33.510","33.620","33.350","","0.30%"
"02/08/2023","33.460","33.535","33.645","33.405","","-0.12%"
"02/07/2023","33.500","33.750","33.810","33.435","","-0.71%"
"02/06/2023","33.740","33.440","33.825","33.430","","1.05%"
"02/03/2023","33.390","33.010","33.520","32.905","","1.12%"
"02/02/2023","33.020","32.820","33.050","32.645","","0.67%"
"02/01/2023","32.800","32.870","32.980","32.745","","-0.12%"
"01/31/2023","32.840","32.780","33.085","32.730","","0.21%"
"01/30/2023","32.770","32.830","32.830","32.670","","-0.06%"
"01/27/2023","32.790","32.820","32.950","32.765","","-0.06%"
"01/26/2023","32.810","32.770","32.870","32.605","","0.18%"
"01/25/2023","32.750","32.800","32.890","32.700","","0.00%"
"01/24/2023","32.750","32.730","32.905","32.690","","0.21%"
"01/23/2023","32.680","32.740","32.860","32.570","","0.09%"
"01/20/2023","32.650","32.920","32.950","32.675","","-0.70%"
"01/19/2023","32.880","32.960","33.170","32.875","","-0.36%"
"01/18/2023","33.000","33.000","33.190","32.770","","0.03%"
"01/17/2023","32.990","33.040","33.200","32.940","","-0.21%"
"01/16/2023","33.060","32.880","33.120","32.700","","0.64%"
"01/13/2023","32.850","33.200","33.200","32.815","","-1.02%"
"01/12/2023","33.190","33.425","33.475","33.090","","-0.72%"
"01/11/2023","33.430","33.490","33.620","33.260","","-0.06%"
"01/10/2023","33.450","33.440","33.610","33.305","","0.09%"
"01/09/2023","33.420","33.770","33.820","33.360","","-1.10%"
"01/06/2023","33.790","34.050","34.095","33.640","","-0.62%"
"01/05/2023","34.000","33.940","34.170","33.770","","0.21%"
"01/04/2023","33.930","34.410","34.435","33.840","","-1.22%"
"01/03/2023","34.350","34.540","34.540","34.285","","-0.55%"
"01/02/2023","34.540","34.590","34.630","34.505","","-0.20%"
"12/30/2022","34.610","34.610","34.670","34.490","","-0.03%"
"12/29/2022","34.620","34.770","34.770","34.575","","-0.46%"
"12/28/2022","34.780","34.640","34.825","34.585","","0.52%"
"12/27/2022","34.600","34.685","34.715","34.560","","-0.26%"
"12/26/2022","34.690","34.770","34.795","34.670","","-0.20%"
"12/23/2022","34.760","34.860","34.930","34.660","","-0.26%"
"12/22/2022","34.850","34.710","34.910","34.600","","0.55%"
"12/21/2022","34.660","34.680","34.880","34.625","","0.00%"
"12/20/2022","34.660","34.860","35.040","34.625","","-0.49%"
"12/19/2022","34.830","34.870","34.910","34.725","","0.03%"
"12/16/2022","34.820","35.050","35.160","34.800","","-0.63%"
"12/15/2022","35.040","34.530","35.110","34.500","","1.54%"
"12/14/2022","34.510","34.610","34.665","34.470","","-0.26%"
"12/13/2022","34.600","34.870","34.885","34.535","","-0.75%"
"12/12/2022","34.860","34.700","34.900","34.700","","0.64%"
"12/09/2022","34.640","34.720","34.830","34.660","","-0.03%"
"12/08/2022","34.650","34.950","34.950","34.650","","-0.86%"
"12/07/2022","34.950","35.100","35.170","34.890","","-0.43%"
"12/06/2022","35.100","34.980","35.150","34.900","","0.29%"
"12/05/2022","35.000","34.710","35.050","34.580","","0.98%"
"12/02/2022","34.660","34.840","35.020","34.660","","-0.37%"
"12/01/2022","34.790","35.140","35.140","34.760","","-0.91%"
"11/30/2022","35.110","35.480","35.540","35.110","","-0.99%"
"11/29/2022","35.460","35.730","35.845","35.335","","-0.73%"
"11/28/2022","35.720","35.900","36.080","35.505","","0.14%"
"11/25/2022","35.670","35.740","35.850","35.555","","-0.22%"
"11/24/2022","35.750","36.020","36.070","35.700","","-0.69%"
"11/23/2022","36.000","36.130","36.290","35.980","","-0.33%"
"11/22/2022","36.120","36.270","36.305","36.050","","-0.41%"
"11/21/2022","36.270","35.810","36.320","35.780","","1.23%"
"11/18/2022","35.830","35.830","35.910","35.675","","-0.03%"
"11/17/2022","35.840","35.750","36.030","35.685","","0.22%"
"11/16/2022","35.760","35.560","35.830","35.520","","0.53%"
"11/15/2022","35.570","35.720","35.765","35.380","","-0.39%"
"11/14/2022","35.710","35.970","36.045","35.670","","-0.64%"
"11/11/2022","35.940","36.200","36.215","35.680","","-0.64%"
"11/10/2022","36.170","36.850","36.985","36.150","","-1.82%"
"11/09/2022","36.840","37.000","37.010","36.660","","-0.41%"
"11/08/2022","36.990","37.370","37.400","36.915","","-0.99%"
"11/07/2022","37.360","37.420","37.525","37.270","","0.21%"
"11/04/2022","37.280","37.990","38.035","37.260","","-1.74%"
"11/03/2022","37.940","37.780","38.050","37.710","","0.50%"
"11/02/2022","37.750","37.730","37.850","37.525","","0.03%"
"11/01/2022","37.740","38.060","38.080","37.625","","-0.81%"
"10/31/2022","38.050","37.940","38.150","37.890","","0.40%"
"10/28/2022","37.900","37.820","38.020","37.660","","0.29%"
"10/27/2022","37.790","37.800","37.890","37.615","","-0.03%"
"10/26/2022","37.800","38.010","38.120","37.670","","-0.42%"
"10/25/2022","37.960","38.220","38.350","37.940","","-0.55%"
"10/24/2022","38.170","38.030","38.255","37.960","","0.63%"
"10/21/2022","37.930","38.110","38.415","37.985","","-0.50%"
"10/20/2022","38.120","38.320","38.470","37.980","","-0.31%"
"10/19/2022","38.240","38.070","38.360","37.955","","0.45%"
"10/18/2022","38.070","38.090","38.180","37.915","","0.11%"
"10/17/2022","38.030","38.300","38.310","37.990","","-0.65%"
"10/14/2022","38.280","38.050","38.335","37.995","","0.71%"
"10/13/2022","38.010","37.940","38.290","37.755","","0.26%"
"10/12/2022","37.910","38.110","38.290","37.875","","-0.50%"
"10/11/2022","38.100","37.980","38.220","37.920","","0.42%"
"10/10/2022","37.940","37.560","38.015","37.560","","0.96%"
"10/07/2022","37.580","37.360","37.645","37.320","","0.64%"
"10/06/2022","37.340","37.470","37.485","37.110","","-0.35%"
"10/05/2022","37.470","37.460","37.600","37.160","","0.03%"
"10/04/2022","37.460","37.790","37.965","37.375","","-0.90%"
"10/03/2022","37.800","37.850","38.160","37.760","","0.08%"
"09/30/2022","37.770","37.875","38.040","37.635","","-0.26%"
"09/29/2022","37.870","37.740","38.290","37.730","","0.42%"
"09/28/2022","37.710","37.975","38.460","37.690","","-0.66%"
"09/27/2022","37.960","37.920","38.000","37.825","","0.13%"
"09/26/2022","37.910","37.530","37.980","37.530","","1.01%"
"09/23/2022","37.530","37.380","37.600","37.195","","0.46%"
"09/22/2022","37.360","37.150","37.460","37.130","","0.51%"
"09/21/2022","37.170","37.020","37.215","36.990","","0.43%"
"09/20/2022","37.010","36.960","37.070","36.840","","0.19%"
"09/19/2022","36.940","36.900","37.050","36.765","","0.35%"
"09/16/2022","36.810","36.940","37.110","36.820","","-0.32%"
"09/15/2022","36.930","36.600","36.970","36.580","","0.87%"
"09/14/2022","36.610","36.660","36.745","36.555","","-0.11%"
"09/13/2022","36.650","36.330","36.670","36.175","","0.94%"
"09/12/2022","36.310","36.340","36.505","36.260","","-0.03%"
"09/09/2022","36.320","36.490","36.505","36.260","","-0.44%"
"09/08/2022","36.480","36.420","36.570","36.340","","0.14%"
"09/07/2022","36.430","36.670","36.830","36.380","","-0.60%"
"09/06/2022","36.650","36.580","36.720","36.340","","0.19%"
"09/05/2022","36.580","36.640","36.830","36.520","","-0.25%"
"09/02/2022","36.670","36.730","36.860","36.565","","-0.24%"
"09/01/2022","36.760","36.580","36.840","36.540","","0.66%"
"08/31/2022","36.520","36.470","36.600","36.325","","0.16%"
"08/30/2022","36.460","36.320","36.510","36.300","","0.39%"
"08/29/2022","36.320","36.190","36.480","36.180","","0.47%"
"08/26/2022","36.150","35.860","36.235","35.795","","0.86%"
"08/25/2022","35.840","36.100","36.120","35.775","","-0.72%"
"08/24/2022","36.100","36.050","36.270","36.005","","0.14%"
"08/23/2022","36.050","36.120","36.340","35.950","","-0.17%"
"08/22/2022","36.110","35.740","36.180","35.740","","1.09%"
"08/19/2022","35.720","35.660","35.815","35.600","","0.25%"
"08/18/2022","35.630","35.450","35.740","35.415","","0.48%"
"08/17/2022","35.460","35.420","35.520","35.330","","0.20%"
"08/16/2022","35.390","35.510","35.590","35.340","","-0.34%"
"08/15/2022","35.510","35.300","35.550","35.235","","0.51%"
"08/12/2022","35.330","35.190","35.400","35.160","","0.43%"
"08/11/2022","35.180","35.360","35.390","35.050","","-0.48%"
"08/10/2022","35.350","35.410","35.635","35.230","","-0.17%"
"08/09/2022","35.410","35.615","35.655","35.335","","-0.59%"
"08/08/2022","35.620","35.740","35.850","35.525","","-0.39%"
"08/05/2022","35.760","35.900","35.900","35.530","","-0.36%"
"08/04/2022","35.890","36.240","36.265","35.825","","-0.88%"
"08/03/2022","36.210","36.220","36.370","36.140","","0.00%"
"08/02/2022","36.210","36.150","36.230","36.020","","0.25%"
"08/01/2022","36.120","36.280","36.360","35.950","","-0.47%"
"07/29/2022","36.290","36.460","36.490","36.110","","-0.41%"
"07/28/2022","36.440","36.710","36.780","36.430","","-0.65%"
"07/27/2022","36.680","36.730","36.890","36.675","","-0.08%"
"07/26/2022","36.710","36.690","36.750","36.610","","0.05%"
"07/25/2022","36.690","36.680","36.790","36.600","","0.14%"
"07/22/2022","36.640","36.780","36.920","36.595","","-0.30%"
"07/21/2022","36.750","36.690","36.950","36.685","","0.19%"
"07/20/2022","36.680","36.610","36.720","36.555","","0.22%"
"07/19/2022","36.600","36.650","36.740","36.535","","-0.11%"
"07/18/2022","36.640","36.650","36.670","36.525","","0.05%"
"07/15/2022","36.620","36.580","36.740","36.535","","0.14%"
"07/14/2022","36.570","36.210","36.680","36.145","","1.05%"
"07/13/2022","36.190","36.200","36.390","36.100","","0.03%"
"07/12/2022","36.180","36.250","36.370","36.175","","-0.19%"
"07/11/2022","36.250","35.860","36.290","35.835","","1.09%"
"07/08/2022","35.860","36.050","36.140","35.820","","-0.44%"
"07/07/2022","36.020","36.210","36.365","36.020","","-0.52%"
"07/06/2022","36.210","35.940","36.250","35.910","","0.75%"
"07/05/2022","35.940","35.710","36.000","35.640","","0.67%"
"07/04/2022","35.700","35.590","35.730","35.580","","0.37%"
"07/01/2022","35.570","35.310","35.700","35.300","","0.76%"
"06/30/2022","35.300","35.200","35.405","35.170","","0.23%"
"06/29/2022","35.220","35.180","35.265","34.945","","0.14%"
"06/28/2022","35.170","35.370","35.400","35.050","","-0.59%"
"06/27/2022","35.380","35.500","35.500","35.295","","-0.20%"
"06/24/2022","35.450","35.500","35.580","35.440","","-0.03%"
"06/23/2022","35.460","35.390","35.530","35.315","","0.20%"
"06/22/2022","35.390","35.330","35.530","35.300","","0.20%"
"06/21/2022","35.320","35.340","35.450","35.250","","-0.03%"
"06/20/2022","35.330","35.260","35.350","35.230","","0.26%"
"06/17/2022","35.240","35.030","35.310","34.960","","0.66%"
"06/16/2022","35.010","34.810","35.185","34.750","","0.72%"
"06/15/2022","34.760","35.020","35.140","34.725","","-0.74%"
"06/14/2022","35.020","34.900","35.050","34.880","","0.40%"
"06/13/2022","34.880","34.750","34.950","34.730","","0.46%"
"06/10/2022","34.720","34.560","34.830","34.545","","0.58%"
"06/09/2022","34.520","34.520","34.580","34.440","","0.00%"
"06/08/2022","34.520","34.420","34.550","34.405","","0.32%"
"06/07/2022","34.410","34.380","34.510","34.370","","0.15%"
"06/06/2022","34.360","34.340","34.470","34.275","","0.17%"
"06/03/2022","34.300","34.250","34.390","34.180","","0.15%"
"06/02/2022","34.250","34.360","34.430","34.225","","-0.29%"
"06/01/2022","34.350","34.330","34.390","34.255","","0.15%"
"05/31/2022","34.300","34.080","34.360","34.065","","0.65%"
"05/30/2022","34.080","34.130","34.135","34.045","","-0.09%"
"05/27/2022","34.110","34.240","34.270","34.080","","-0.20%"
"05/26/2022","34.180","34.275","34.355","34.150","","-0.29%"
"05/25/2022","34.280","34.100","34.370","34.065","","0.59%"
"05/24/2022","34.080","34.145","34.270","34.055","","-0.15%"
"05/23/2022","34.130","34.420","34.420","34.120","","-0.76%"
"05/20/2022","34.390","34.460","34.500","34.235","","-0.17%"
"05/19/2022","34.450","34.640","34.680","34.375","","-0.52%"
"05/18/2022","34.630","34.515","34.690","34.490","","0.32%"
"05/17/2022","34.520","34.720","34.750","34.455","","-0.55%"
"05/16/2022","34.710","34.750","34.850","34.690","","0.03%"
"05/13/2022","34.700","34.750","34.810","34.645","","-0.06%"
"05/12/2022","34.720","34.635","34.765","34.610","","0.23%"
"05/11/2022","34.640","34.610","34.710","34.555","","0.09%"
"05/10/2022","34.610","34.580","34.640","34.485","","0.12%"
"05/09/2022","34.570","34.350","34.650","34.335","","0.70%"
"05/06/2022","34.330","34.350","34.440","34.275","","-0.03%"
"05/05/2022","34.340","34.035","34.410","34.000","","0.88%"
"05/04/2022","34.040","34.370","34.410","34.010","","-0.93%"
"05/03/2022","34.360","34.455","34.540","34.320","","-0.29%"
"05/02/2022","34.460","34.250","34.490","34.230","","0.64%"
"04/29/2022","34.240","34.460","34.465","34.140","","-0.64%"
"04/28/2022","34.460","34.340","34.500","34.340","","0.35%"
"04/27/2022","34.340","34.310","34.400","34.265","","0.15%"
"04/26/2022","34.290","34.140","34.320","34.020","","0.47%"
"04/25/2022","34.130","33.960","34.150","33.920","","0.47%"
"04/22/2022","33.970","33.910","33.990","33.825","","0.21%"
"04/21/2022","33.900","33.780","33.910","33.765","","0.41%"
"04/20/2022","33.760","33.800","33.900","33.730","","-0.09%"
"04/19/2022","33.790","33.690","33.810","33.650","","0.30%"
"04/18/2022","33.690","33.630","33.720","33.580","","0.24%"
"04/15/2022","33.610","33.690","33.720","33.600","","-0.21%"
"04/14/2022","33.680","33.520","33.720","33.460","","0.54%"
"04/13/2022","33.500","33.570","33.580","33.445","","-0.24%"
"04/12/2022","33.580","33.610","33.710","33.460","","-0.06%"
"04/11/2022","33.600","33.590","33.680","33.545","","0.03%"
"04/08/2022","33.590","33.490","33.650","33.465","","0.33%"
"04/07/2022","33.480","33.600","33.610","33.385","","-0.30%"
"04/06/2022","33.580","33.540","33.640","33.535","","0.15%"
"04/05/2022","33.530","33.470","33.550","33.370","","0.27%"
"04/04/2022","33.440","33.460","33.550","33.430","","-0.15%"
"04/01/2022","33.490","33.290","33.530","33.265","","0.63%"
"03/31/2022","33.280","33.350","33.400","33.180","","-0.15%"
"03/30/2022","33.330","33.480","33.595","33.280","","-0.51%"
"03/29/2022","33.500","33.780","33.800","33.470","","-0.80%"
"03/28/2022","33.770","33.570","33.810","33.570","","0.57%"
"03/25/2022","33.580","33.510","33.610","33.420","","0.21%"
"03/24/2022","33.510","33.610","33.720","33.505","","-0.30%"
"03/23/2022","33.610","33.510","33.700","33.445","","0.39%"
"03/22/2022","33.480","33.540","33.710","33.450","","-0.18%"
"03/21/2022","33.540","33.280","33.570","33.270","","0.75%"
"03/18/2022","33.290","33.210","33.400","33.195","","0.27%"
"03/17/2022","33.200","33.400","33.400","33.180","","-0.42%"
"03/16/2022","33.340","33.540","33.560","33.250","","-0.51%"
"03/15/2022","33.510","33.450","33.570","33.420","","0.18%"
"03/14/2022","33.450","33.300","33.470","33.270","","0.45%"
"03/11/2022","33.300","33.140","33.360","33.115","","0.54%"
"03/10/2022","33.120","33.040","33.170","32.970","","0.30%"
"03/09/2022","33.020","33.220","33.235","32.975","","-0.48%"
"03/08/2022","33.180","33.000","33.230","32.990","","0.55%"
"03/07/2022","33.000","32.690","33.080","32.660","","0.95%"
"03/04/2022","32.690","32.590","32.750","32.550","","0.34%"
"03/03/2022","32.580","32.530","32.650","32.400","","0.22%"
"03/02/2022","32.510","32.710","32.765","32.420","","-0.55%"
"03/01/2022","32.690","32.665","32.760","32.510","","0.06%"
"02/28/2022","32.670","32.710","32.780","32.590","","0.68%"
"02/25/2022","32.450","32.625","32.660","32.415","","-0.55%"
"02/24/2022","32.630","32.270","32.890","32.240","","1.15%"
"02/23/2022","32.260","32.420","32.480","32.185","","-0.49%"
"02/22/2022","32.420","32.270","32.480","32.250","","0.43%"
"02/21/2022","32.280","32.140","32.290","32.090","","0.37%"
"02/18/2022","32.160","32.110","32.190","32.080","","0.19%"
"02/17/2022","32.100","32.280","32.330","32.080","","-0.47%"
"02/16/2022","32.250","32.345","32.440","32.235","","-0.31%"
"02/15/2022","32.350","32.440","32.485","32.280","","-0.22%"
"02/14/2022","32.420","32.690","32.720","32.405","","-0.92%"
"02/11/2022","32.720","32.710","32.780","32.630","","0.00%"
"02/10/2022","32.720","32.710","32.780","32.560","","0.06%"
"02/09/2022","32.700","32.910","32.930","32.690","","-0.61%"
"02/08/2022","32.900","33.020","33.045","32.855","","-0.30%"
"02/07/2022","33.000","32.980","33.100","32.825","","0.06%"
"02/04/2022","32.980","33.120","33.125","32.940","","-0.39%"
"02/03/2022","33.110","33.130","33.200","33.100","","-0.03%"
"02/02/2022","33.120","33.180","33.245","33.100","","-0.21%"
"02/01/2022","33.190","33.250","33.285","33.170","","-0.09%"
"01/31/2022","33.220","33.430","33.480","33.210","","-0.60%"
"01/28/2022","33.420","33.305","33.465","33.210","","0.36%"
"01/27/2022","33.300","33.120","33.320","33.065","","0.60%"
"01/26/2022","33.100","33.000","33.180","32.920","","0.36%"
"01/25/2022","32.980","33.000","33.100","32.950","","-0.06%"
"01/24/2022","33.000","32.960","33.100","32.950","","0.27%"
"01/21/2022","32.910","32.910","33.080","32.880","","0.00%"
"01/20/2022","32.910","32.920","33.110","32.790","","0.03%"
"01/19/2022","32.900","33.080","33.240","32.890","","-0.54%"
"01/18/2022","33.080","33.090","33.150","32.875","","-0.03%"
"01/17/2022","33.090","33.200","33.360","33.025","","-0.33%"
"01/14/2022","33.200","33.220","33.280","33.130","","-0.03%"
"01/13/2022","33.210","33.300","33.340","33.180","","-0.27%"
"01/12/2022","33.300","33.350","33.465","33.250","","0.00%"
"01/11/2022","33.300","33.630","33.630","33.290","","-0.95%"
"01/10/2022","33.620","33.650","33.750","33.570","","0.00%"
"01/07/2022","33.620","33.560","33.740","33.470","","0.21%"
"01/06/2022","33.550","33.210","33.595","33.210","","1.08%"
"01/05/2022","33.190","33.260","33.290","33.120","","-0.18%"
"01/04/2022","33.250","33.240","33.365","33.225","","0.03%"
"01/03/2022","33.240","33.240","33.370","33.130","","0.03%"
"12/31/2021","33.230","33.360","33.365","33.150","","-0.33%"
"12/30/2021","33.340","33.510","33.510","33.310","","-0.48%"
"12/29/2021","33.500","33.540","33.620","33.470","","-0.09%"
"12/28/2021","33.530","33.530","33.575","33.470","","0.03%"
"12/27/2021","33.520","33.440","33.590","33.410","","0.27%"
"12/24/2021","33.430","33.490","33.550","33.380","","-0.21%"
"12/23/2021","33.500","33.670","33.700","33.485","","-0.45%"
"12/22/2021","33.650","33.680","33.850","33.620","","-0.09%"
"12/21/2021","33.680","33.610","33.770","33.590","","0.24%"
"12/20/2021","33.600","33.340","33.630","33.320","","0.84%"
"12/17/2021","33.320","33.420","33.430","33.270","","-0.24%"
"12/16/2021","33.400","33.420","33.495","33.370","","-0.06%"
"12/15/2021","33.420","33.430","33.510","33.370","","0.03%"
"12/14/2021","33.410","33.390","33.460","33.340","","0.09%"
"12/13/2021","33.380","33.570","33.590","33.320","","-0.71%"
"12/10/2021","33.620","33.580","33.720","33.530","","0.09%"
"12/09/2021","33.590","33.490","33.630","33.365","","0.30%"
"12/08/2021","33.490","33.690","33.690","33.410","","-0.53%"
"12/07/2021","33.670","33.840","33.905","33.610","","-0.47%"
"12/06/2021","33.830","33.870","33.920","33.785","","-0.03%"
"12/03/2021","33.840","33.880","34.000","33.740","","-0.12%"
"12/02/2021","33.880","33.730","33.910","33.695","","0.47%"
"12/01/2021","33.720","33.750","33.780","33.630","","0.03%"
"11/30/2021","33.710","33.720","33.830","33.560","","0.00%"
"11/29/2021","33.710","33.710","33.775","33.610","","-0.15%"
"11/26/2021","33.760","33.390","33.770","33.380","","1.14%"
"11/25/2021","33.380","33.370","33.440","33.220","","0.06%"
"11/24/2021","33.360","33.110","33.415","33.090","","0.76%"
"11/23/2021","33.110","33.020","33.170","32.980","","0.30%"
"11/22/2021","33.010","32.810","33.050","32.780","","0.70%"
"11/19/2021","32.780","32.580","32.860","32.575","","0.64%"
"11/18/2021","32.570","32.620","32.680","32.555","","-0.18%"
"11/17/2021","32.630","32.760","32.860","32.620","","-0.37%"
"11/16/2021","32.750","32.720","32.780","32.665","","0.09%"
"11/15/2021","32.720","32.750","32.770","32.645","","-0.18%"
"11/12/2021","32.780","32.865","32.880","32.725","","-0.21%"
"11/11/2021","32.850","32.830","32.970","32.750","","0.15%"
"11/10/2021","32.800","32.765","32.840","32.670","","0.09%"
"11/09/2021","32.770","32.930","32.940","32.720","","-0.46%"
"11/08/2021","32.920","33.170","33.220","32.900","","-0.84%"
"11/05/2021","33.200","33.360","33.395","33.140","","-0.42%"
"11/04/2021","33.340","33.300","33.470","33.260","","0.12%"
"11/03/2021","33.300","33.265","33.460","33.255","","0.12%"
"11/02/2021","33.260","33.295","33.345","33.220","","-0.09%"
"11/01/2021","33.290","33.310","33.490","33.270","","0.00%"
"10/29/2021","33.290","33.210","33.380","33.130","","0.30%"
"10/28/2021","33.190","33.295","33.350","33.180","","-0.30%"
"10/27/2021","33.290","33.215","33.410","33.150","","0.27%"
"10/26/2021","33.200","33.055","33.250","32.975","","0.45%"
"10/25/2021","33.050","33.320","33.320","33.050","","-0.57%"
"10/22/2021","33.240","33.415","33.420","33.240","","-0.42%"
"10/21/2021","33.380","33.370","33.440","33.330","","0.06%"
"10/20/2021","33.360","33.330","33.480","33.330","","0.15%"
"10/19/2021","33.310","33.485","33.485","33.230","","-0.51%"
"10/18/2021","33.480","33.420","33.500","33.400","","0.24%"
"10/15/2021","33.400","33.165","33.470","33.150","","0.72%"
"10/14/2021","33.160","33.200","33.280","33.150","","-0.09%"
"10/13/2021","33.190","33.340","33.360","33.170","","-0.42%"
"10/12/2021","33.330","33.690","33.710","33.275","","-1.01%"
"10/11/2021","33.670","33.860","33.920","33.600","","-0.56%"
"10/08/2021","33.860","33.780","33.950","33.720","","0.24%"
"10/07/2021","33.780","33.820","33.865","33.690","","-0.09%"
"10/06/2021","33.810","33.825","33.990","33.780","","-0.03%"
"10/05/2021","33.820","33.770","33.865","33.730","","0.18%"
"10/04/2021","33.760","33.620","33.820","33.610","","0.54%"
"10/01/2021","33.580","33.680","33.800","33.590","","-0.27%"
"09/30/2021","33.670","33.950","33.980","33.590","","-0.82%"
"09/29/2021","33.950","33.845","34.000","33.760","","0.30%"
"09/28/2021","33.850","33.600","33.890","33.560","","0.77%"
"09/27/2021","33.590","33.430","33.605","33.310","","0.48%"
"09/24/2021","33.430","33.380","33.470","33.320","","0.15%"
"09/23/2021","33.380","33.470","33.605","33.135","","-0.21%"
"09/22/2021","33.450","33.380","33.485","33.360","","0.27%"
"09/21/2021","33.360","33.370","33.490","33.320","","0.00%"
"09/20/2021","33.360","33.320","33.400","33.290","","0.06%"
"09/17/2021","33.340","33.140","33.350","33.120","","0.63%"
"09/16/2021","33.130","32.890","33.160","32.840","","0.79%"
"09/15/2021","32.870","32.945","32.990","32.835","","-0.15%"
"09/14/2021","32.920","32.870","32.970","32.825","","0.18%"
"09/13/2021","32.860","32.690","32.920","32.690","","0.49%"
"09/10/2021","32.700","32.720","32.780","32.600","","-0.03%"
"09/09/2021","32.710","32.770","32.800","32.650","","-0.12%"
"09/08/2021","32.750","32.660","32.845","32.650","","0.31%"
"09/07/2021","32.650","32.440","32.710","32.430","","0.59%"
"09/06/2021","32.460","32.490","32.560","32.320","","-0.06%"
"09/03/2021","32.480","32.460","32.650","32.380","","0.09%"
"09/02/2021","32.450","32.310","32.505","32.280","","0.46%"
"09/01/2021","32.300","32.240","32.400","32.175","","0.25%"
"08/31/2021","32.220","32.480","32.500","32.185","","-0.80%"
"08/30/2021","32.480","32.550","32.590","32.415","","-0.15%"
"08/27/2021","32.530","32.760","32.830","32.515","","-0.67%"
"08/26/2021","32.750","32.805","32.850","32.685","","-0.15%"
"08/25/2021","32.800","32.875","33.000","32.675","","-0.24%"
"08/24/2021","32.880","33.255","33.320","32.845","","-1.11%"
"08/23/2021","33.250","33.360","33.405","33.225","","-0.30%"
"08/20/2021","33.350","33.350","33.400","33.300","","0.00%"
"08/19/2021","33.350","33.295","33.455","33.290","","0.21%"
"08/18/2021","33.280","33.360","33.370","33.140","","-0.24%"
"08/17/2021","33.360","33.410","33.465","33.235","","-0.15%"
"08/16/2021","33.410","33.340","33.465","33.310","","0.24%"
"08/13/2021","33.330","33.050","33.380","33.050","","0.88%"
"08/12/2021","33.040","33.190","33.230","32.955","","-0.36%"
"08/11/2021","33.160","33.460","33.480","33.115","","-0.87%"
"08/10/2021","33.450","33.470","33.495","33.450","","-0.03%"
"08/09/2021","33.460","33.440","33.475","33.390","","0.03%"
"08/06/2021","33.450","33.270","33.460","33.250","","0.63%"
"08/05/2021","33.240","33.120","33.270","33.065","","0.39%"
"08/04/2021","33.110","33.025","33.150","33.020","","0.27%"
"08/03/2021","33.020","32.950","33.040","32.925","","0.24%"
"08/02/2021","32.940","32.890","32.970","32.890","","0.15%"
"07/30/2021","32.890","32.855","32.930","32.830","","0.12%"
"07/29/2021","32.850","32.870","32.930","32.800","","0.06%"
"07/28/2021","32.830","32.940","32.950","32.810","","-0.27%"
"07/27/2021","32.920","32.910","32.990","32.830","","0.06%"
"07/26/2021","32.900","32.940","32.990","32.900","","-0.12%"
"07/23/2021","32.940","32.895","32.970","32.870","","0.18%"
"07/22/2021","32.880","32.825","32.910","32.810","","0.15%"
"07/21/2021","32.830","32.840","32.890","32.785","","0.00%"
"07/20/2021","32.830","32.860","32.870","32.765","","-0.06%"
"07/19/2021","32.850","32.790","32.910","32.770","","0.18%"
"07/16/2021","32.790","32.690","32.810","32.670","","0.34%"
"07/15/2021","32.680","32.610","32.705","32.585","","0.21%"
"07/14/2021","32.610","32.640","32.690","32.585","","-0.06%"
"07/13/2021","32.630","32.685","32.690","32.530","","-0.12%"
"07/12/2021","32.670","32.520","32.700","32.510","","0.49%"
"07/09/2021","32.510","32.540","32.735","32.500","","-0.06%"
"07/08/2021","32.530","32.330","32.545","32.320","","0.71%"
"07/07/2021","32.300","32.260","32.355","32.245","","0.19%"
"07/06/2021","32.240","32.110","32.290","32.075","","0.40%"
"07/05/2021","32.110","32.160","32.220","32.065","","-0.09%"
"07/02/2021","32.140","32.060","32.285","32.055","","0.25%"
"07/01/2021","32.060","32.030","32.100","31.965","","0.12%"
"06/30/2021","32.020","32.110","32.140","31.985","","-0.22%"
"06/29/2021","32.090","31.920","32.150","31.910","","0.56%"
"06/28/2021","31.910","31.800","31.990","31.780","","0.28%"
"06/25/2021","31.820","31.900","31.920","31.725","","-0.22%"
"06/24/2021","31.890","31.830","31.990","31.815","","0.22%"
"06/23/2021","31.820","31.720","31.920","31.675","","0.35%"
"06/22/2021","31.710","31.610","31.765","31.600","","0.38%"
"06/21/2021","31.590","31.470","31.680","31.460","","0.45%"
"06/18/2021","31.450","31.410","31.530","31.340","","0.16%"
"06/17/2021","31.400","31.280","31.450","31.270","","0.38%"
"06/16/2021","31.280","31.150","31.295","31.150","","0.45%"
"06/15/2021","31.140","31.120","31.190","31.090","","0.10%"
"06/14/2021","31.110","31.070","31.150","31.060","","0.10%"
"06/11/2021","31.080","31.160","31.160","31.030","","-0.19%"
"06/10/2021","31.140","31.160","31.190","31.120","","-0.03%"
"06/09/2021","31.150","31.210","31.220","31.130","","-0.16%"
"06/08/2021","31.200","31.180","31.245","31.170","","0.06%"
"06/07/2021","31.180","31.140","31.230","31.140","","0.16%"
"06/04/2021","31.130","31.210","31.290","31.120","","-0.22%"
"06/03/2021","31.200","31.120","31.220","31.110","","0.32%"
"06/02/2021","31.100","31.160","31.190","31.110","","-0.19%"
"06/01/2021","31.160","31.200","31.210","31.125","","-0.10%"
"05/31/2021","31.190","31.260","31.290","31.190","","-0.22%"
"05/28/2021","31.260","31.300","31.335","31.230","","-0.10%"
"05/27/2021","31.290","31.250","31.350","31.230","","0.16%"
"05/26/2021","31.240","31.350","31.350","31.225","","-0.32%"
"05/25/2021","31.340","31.340","31.390","31.290","","0.06%"
"05/24/2021","31.320","31.380","31.405","31.310","","-0.13%"
"05/21/2021","31.360","31.370","31.410","31.350","","0.00%"
"05/20/2021","31.360","31.410","31.440","31.360","","-0.16%"
"05/19/2021","31.410","31.430","31.475","31.360","","0.03%"
"05/18/2021","31.400","31.490","31.520","31.400","","-0.25%"
"05/17/2021","31.480","31.360","31.510","31.340","","0.38%"
"05/14/2021","31.360","31.360","31.405","31.305","","0.06%"
"05/13/2021","31.340","31.290","31.400","31.280","","0.16%"
"05/12/2021","31.290","31.160","31.310","31.150","","0.42%"
"05/11/2021","31.160","31.110","31.200","31.070","","0.19%"
"05/10/2021","31.100","31.090","31.175","31.035","","0.19%"
"05/07/2021","31.040","31.240","31.285","31.050","","-0.61%"
"05/06/2021","31.230","31.130","31.295","31.120","","0.32%"
"05/05/2021","31.130","31.180","31.230","31.070","","-0.16%"
"05/04/2021","31.180","31.130","31.220","31.115","","0.19%"
"05/03/2021","31.120","31.160","31.230","31.105","","-0.06%"
"04/30/2021","31.140","31.190","31.225","31.130","","-0.10%"
"04/29/2021","31.170","31.350","31.355","31.170","","-0.57%"
"04/28/2021","31.350","31.350","31.440","31.330","","0.00%"
"04/27/2021","31.350","31.430","31.490","31.330","","-0.19%"
"04/26/2021","31.410","31.420","31.490","31.350","","0.03%"
"04/23/2021","31.400","31.390","31.450","31.345","","0.06%"
"04/22/2021","31.380","31.320","31.400","31.270","","0.19%"
"04/21/2021","31.320","31.280","31.370","31.260","","0.19%"
"04/20/2021","31.260","31.230","31.300","31.180","","0.16%"
"04/19/2021","31.210","31.210","31.290","31.170","","0.00%"
"04/16/2021","31.210","31.170","31.305","31.130","","0.16%"
"04/15/2021","31.160","31.310","31.370","31.115","","-0.45%"
"04/14/2021","31.300","31.530","31.530","31.300","","-0.67%"
"04/13/2021","31.510","31.510","31.600","31.480","","0.10%"
"04/12/2021","31.480","31.450","31.580","31.440","","0.10%"
"04/09/2021","31.450","31.410","31.515","31.320","","0.16%"
"04/08/2021","31.400","31.370","31.485","31.360","","0.13%"
"04/07/2021","31.360","31.300","31.390","31.250","","0.22%"
"04/06/2021","31.290","31.350","31.400","31.290","","-0.16%"
"04/05/2021","31.340","31.310","31.410","31.290","","0.13%"
"04/02/2021","31.300","31.220","31.335","31.190","","0.26%"
"04/01/2021","31.220","31.250","31.350","31.195","","-0.06%"
"03/31/2021","31.240","31.310","31.400","31.215","","-0.19%"
"03/30/2021","31.300","31.200","31.315","31.180","","0.35%"
"03/29/2021","31.190","31.120","31.250","31.110","","0.32%"
"03/26/2021","31.090","31.150","31.210","31.050","","-0.19%"
"03/25/2021","31.150","31.010","31.165","31.000","","0.52%"
"03/24/2021","30.990","31.000","31.065","30.975","","0.00%"
"03/23/2021","30.990","30.870","31.010","30.870","","0.42%"
"03/22/2021","30.860","30.820","30.940","30.810","","0.16%"
"03/19/2021","30.810","30.885","30.990","30.775","","-0.23%"
"03/18/2021","30.880","30.700","30.910","30.660","","0.62%"
"03/17/2021","30.690","30.760","30.825","30.680","","-0.20%"
"03/16/2021","30.750","30.740","30.780","30.700","","0.07%"
"03/15/2021","30.730","30.720","30.780","30.660","","0.20%"
"03/12/2021","30.670","30.550","30.795","30.510","","0.43%"
"03/11/2021","30.540","30.690","30.730","30.540","","-0.46%"
"03/10/2021","30.680","30.730","30.800","30.680","","-0.13%"
"03/09/2021","30.720","30.810","30.960","30.720","","-0.23%"
"03/08/2021","30.790","30.520","30.845","30.480","","0.85%"
"03/05/2021","30.530","30.410","30.570","30.390","","0.39%"
"03/04/2021","30.410","30.340","30.430","30.320","","0.26%"