Date,Foreign Exchange Rate (weekly),Weekly First Difference,Predicted Exchange Rate
2002-01-06,44.13666666666666,,0.0
2002-01-13,43.972,-0.16466666666666185,44.136667262269796
2002-01-20,43.876,-0.09600000000000364,43.94002877097677
2002-01-27,44.076,0.20000000000000284,43.86308140487992
2002-02-03,44.025999999999996,-0.05000000000000426,44.11902497999763
2002-02-10,43.926,-0.09999999999999432,44.0072010373632
2002-02-17,43.766,-0.1600000000000037,43.909590438033085
2002-02-24,43.672000000000004,-0.09399999999999409,43.73698243429499
2002-03-03,43.791999999999994,0.11999999999999034,43.65886798339198
2002-03-10,43.488,-0.30399999999999494,43.81890406890794
2002-03-17,43.244,-0.24399999999999977,43.42112903913992
2002-03-24,43.32000000000001,0.07600000000000762,43.20820476459356
2002-03-31,43.372,0.0519999999999925,43.3425922118029
2002-04-07,43.593,0.22100000000000364,43.377942891726896
2002-04-14,43.482,-0.1110000000000042,43.63645995356744
2002-04-21,43.382,-0.10000000000000142,43.45078586128135
2002-04-28,43.251999999999995,-0.13000000000000256,43.36809936513427
2002-05-05,43.190999999999995,-0.06099999999999994,43.228537985382296
2002-05-12,42.934,-0.2569999999999979,43.18341411216383
2002-05-19,42.82,-0.11399999999999721,42.883596989279994
2002-05-26,42.678000000000004,-0.1419999999999959,42.80714796165851
2002-06-02,42.576,-0.10200000000000387,42.65190105139013
2002-06-09,42.388,-0.1880000000000024,42.56066148738062
2002-06-16,42.288,-0.10000000000000142,42.35310759265433
2002-06-23,42.12,-0.16799999999999926,42.27484269040737
2002-06-30,41.804,-0.3159999999999954,42.08870851566173
2002-07-07,41.525999999999996,-0.2780000000000058,41.74646449712698
2002-07-14,41.318,-0.2079999999999984,41.481447290790136
2002-07-21,40.612,-0.705999999999996,41.284969649478214
2002-07-28,40.814,0.20199999999999818,40.47600249704152
2002-08-04,42.068,1.2539999999999978,40.882304442026765
2002-08-11,42.260000000000005,0.19200000000000728,42.30761204681124
2002-08-18,42.032,-0.22800000000000864,42.250378289002946
2002-08-25,42.007999999999996,-0.02400000000000091,41.98786888349605
2002-09-01,42.238,0.23000000000000398,42.01206820958185
2002-09-08,42.188,-0.04999999999999716,42.2836575706789
2002-09-15,42.382,0.1939999999999955,42.168668978517104
2002-09-22,42.972,0.5900000000000034,42.42511113621208
2002-09-29,43.386,0.4140000000000015,43.08251838657007
2002-10-06,43.398,0.012000000000000455,43.44732927636824
2002-10-13,43.69,0.2919999999999945,43.38803126156725
2002-10-20,43.904,0.21400000000000574,43.75102354605474
2002-10-27,43.62,-0.284000000000006,43.93491434474665
2002-11-03,43.362,-0.25799999999999557,43.556360332795755
2002-11-10,43.224000000000004,-0.13799999999999812,43.32272256757062
2002-11-17,43.160000000000004,-0.06400000000000006,43.204049586655714
2002-11-24,43.422000000000004,0.26200000000000045,43.15109821104686
2002-12-01,43.372,-0.05000000000000426,43.476745361656626
2002-12-08,43.662,0.28999999999999915,43.350832466452495
2002-12-15,43.386,-0.27599999999999625,43.724882490461525
2002-12-22,43.07,-0.3160000000000025,43.31751671470645
2002-12-29,42.984,-0.08599999999999852,43.019980426061316
2003-01-05,43.132,0.14799999999999613,42.97672887253754
2003-01-12,42.78,-0.35199999999999676,43.16337806531515
2003-01-19,42.656,-0.12400000000000233,42.702524797942466
2003-01-26,42.726,0.07000000000000028,42.646598006387464
2003-02-02,42.69,-0.036000000000001364,42.74204600277234
2003-02-09,42.753,0.06300000000000239,42.67948225017057
2003-02-16,43.015,0.26200000000000045,42.7678568815959
2003-02-23,43.003,-0.012000000000000455,43.064944075490466
2003-03-02,42.733,-0.2700000000000031,42.990481991801104
2003-03-09,42.619,-0.11399999999999721,42.68096658665234
2003-03-16,42.562,-0.05700000000000216,42.606477442618534
2003-03-23,42.818,0.2560000000000002,42.55301174750036
2003-03-30,42.857,0.03900000000000148,42.871550320852094
2003-04-06,42.906,0.04899999999999949,42.85405958908449
2003-04-13,43.0,0.0940000000000012,42.91649641123136
2003-04-20,42.814,-0.18599999999999994,43.016874876258406
2003-04-27,42.741,-0.0730000000000004,42.77300190059753
2003-05-04,42.859,0.1180000000000021,42.734532875405954
2003-05-11,42.565999999999995,-0.29300000000000637,42.88415301865149
2003-05-18,42.274,-0.2919999999999945,42.50170584330385
2003-05-25,41.994,-0.28000000000000114,42.227983918706606
2003-06-01,41.754,-0.240000000000002,41.94671520981487
2003-06-08,41.620000000000005,-0.13399999999999324,41.71505502330266
2003-06-15,41.676,0.055999999999997385,41.60079074468984
2003-06-22,41.524,-0.15200000000000102,41.69119871056515
2003-06-29,41.574,0.04999999999999716,41.49021154140849
2003-07-06,41.854,0.28000000000000114,41.59093244435915
2003-07-13,41.646,-0.2079999999999984,41.907162175596305
2003-07-20,41.596000000000004,-0.04999999999999716,41.59322287435126
2003-07-27,41.806,0.20999999999999375,41.596561217216745
2003-08-03,41.971000000000004,0.16500000000000625,41.84832457065971
2003-08-10,41.963,-0.008000000000002672,41.99579094276774
2003-08-17,41.727999999999994,-0.23500000000000654,41.956373421313245
2003-08-24,41.579,-0.1489999999999938,41.68184901077668
2003-08-31,41.253,-0.3260000000000005,41.55821569173555
2003-09-07,40.926,-0.3269999999999982,41.191320291305914
2003-09-14,40.617000000000004,-0.3089999999999975,40.872382578872916
2003-09-21,40.594,-0.02300000000000324,40.565390847859575
2003-09-28,40.107,-0.4870000000000019,40.5997814988475
2003-10-05,39.867999999999995,-0.23900000000000432,40.00741593495433
2003-10-12,39.36,-0.5079999999999956,39.83982604142532
2003-10-19,39.604,0.24399999999999977,39.26303404687137
2003-10-26,39.806,0.20199999999999818,39.67290432318204
2003-11-02,39.912,0.10600000000000165,39.83289672515818
2003-11-09,39.884,-0.027999999999998693,39.9279856359981
2003-11-16,39.886,0.0020000000000024443,39.875111134556484
2003-11-23,39.88,-0.006000000000000227,39.888200483352435
2003-11-30,39.878,-0.0020000000000024443,39.87834280006558
2003-12-07,39.8948,0.016799999999996373,39.877930725029024
2003-12-14,39.8156,-0.07919999999999305,39.898209038244964
2003-12-21,39.628,-0.18760000000000332,39.798905899557546
2003-12-28,39.57,-0.05799999999999983,39.59346237174482
2004-01-04,39.59375,0.023749999999999716,39.56525859156761
2004-01-11,39.18,-0.4137500000000003,39.59950770453479
2004-01-18,38.9334,-0.24660000000000082,39.095223516643266
2004-01-25,39.024,0.09060000000000201,38.900697790917455
2004-02-01,39.160000000000004,0.13600000000000279,39.04891760595369
2004-02-08,39.089999999999996,-0.07000000000000739,39.18244815679974
2004-02-15,38.910199999999996,-0.17980000000000018,39.07131755497795
2004-02-22,39.001,0.09080000000000155,38.87764045563308
2004-02-29,39.221999999999994,0.22099999999999653,39.02592919259138
2004-03-07,39.3386,0.11660000000000537,39.26162309478785
2004-03-14,39.3844,0.04579999999999984,39.354155927228575
2004-03-21,39.424,0.03960000000000008,39.39051189283112
2004-03-28,39.4704,0.04639999999999844,39.43076746560161
2004-04-04,39.382,-0.08840000000000003,39.47840916611659
2004-04-11,39.104,-0.2779999999999987,39.36251709187133
2004-04-18,39.282,0.17799999999999727,39.0517574077912
2004-04-25,39.458999999999996,0.1769999999999996,39.32852872182179
2004-05-02,39.717,0.25800000000000267,39.485366371876935
2004-05-09,39.913,0.19599999999999795,39.76380983020612
2004-05-16,40.541999999999994,0.6289999999999978,39.943149191087066
2004-05-23,40.809,0.267000000000003,40.66301914955595
2004-05-30,40.684,-0.125,40.838500633729225
2004-06-06,40.586,-0.09799999999999898,40.65277764040478
2004-06-13,40.587,0.0010000000000047748,40.57250519773729
2004-06-20,40.818,0.23099999999999454,40.58992919140579
2004-06-27,40.92,0.10200000000000387,40.864089835538024
2004-07-04,40.837,-0.08299999999999841,40.931298641421236
2004-07-11,40.748000000000005,-0.08899999999999864,40.81794359860715
2004-07-18,40.739999999999995,-0.008000000000009777,40.73386540304474
2004-07-25,40.872,0.132000000000005,40.741239713957704
2004-08-01,41.282,0.4099999999999966,40.898424776216395
2004-08-08,41.366,0.08400000000000318,41.359515044953
2004-08-15,41.386,0.020000000000003126,41.36731051629724
2004-08-22,41.485,0.09899999999999665,41.389776876293205
2004-08-29,41.507,0.021999999999998465,41.504243225988084
2004-09-05,41.584,0.07700000000000529,41.507557104443165
2004-09-12,41.589999999999996,0.005999999999993122,41.59944801154511
2004-09-19,41.366,-0.22399999999999665,41.588090692531146
2004-09-26,41.304,-0.06199999999999761,41.321118660049564
2004-10-03,41.476,0.17199999999999704,41.30054056461159
2004-10-10,41.375,-0.10099999999999909,41.51145783246218
2004-10-17,41.307,-0.06799999999999784,41.347423831463466
2004-10-24,41.378,0.07099999999999795,41.29883092410883
2004-10-31,41.07,-0.30799999999999983,41.39399893344533
2004-11-07,41.04,-0.030000000000001137,41.004524467865764
2004-11-14,40.701,-0.33899999999999864,41.047169095649586
2004-11-21,40.224000000000004,-0.47699999999999676,40.63104419642663
2004-11-28,39.739999999999995,-0.48400000000000887,40.141742212667864
2004-12-05,39.373000000000005,-0.3669999999999902,39.65881366745408
2004-12-12,39.271,-0.10200000000000387,39.31524116181867
2004-12-19,39.393,0.12199999999999989,39.262059496457255
2004-12-26,39.053999999999995,-0.33900000000000574,39.419461195585484
2005-01-02,39.0338,-0.020199999999995555,38.980145540045704
2005-01-09,39.0526,0.018799999999998818,39.04464279592999
2005-01-16,38.965999999999994,-0.08660000000000423,39.0542080366847
2005-01-23,38.507999999999996,-0.4579999999999984,38.94817442236913
2005-01-30,38.474000000000004,-0.033999999999991815,38.41904706972326
2005-02-06,38.493,0.01899999999999835,38.48510519813737
2005-02-13,38.437,-0.05600000000000449,38.49459542609463
2005-02-20,38.457,0.020000000000003126,38.42536079140155
2005-02-27,38.469,0.012000000000000455,38.463393829748945
2005-03-06,38.319,-0.14999999999999858,38.47013292650849
2005-03-13,38.301,-0.018000000000000682,38.28845820567704
2005-03-20,38.39,0.08899999999999864,38.30353451654449
2005-03-27,38.658,0.2680000000000007,38.40747343264464
2005-04-03,39.182,0.5240000000000009,38.70862782194042
2005-04-10,39.501999999999995,0.3199999999999932,39.277661720013725
2005-04-17,39.6,0.09800000000000608,39.5473355451019
2005-04-24,39.546,-0.054000000000002046,39.610642730123665
2005-05-01,39.498000000000005,-0.047999999999994714,39.53293663244984
2005-05-08,39.477999999999994,-0.020000000000010232,39.49093980823855
2005-05-15,39.457,-0.02099999999999369,39.475385050558266
2005-05-22,39.815999999999995,0.35899999999999466,39.45328464527393
2005-05-29,40.081,0.2650000000000077,39.88929956494425
2005-06-05,40.519999999999996,0.43899999999999295,40.11973990528971
2005-06-12,40.602999999999994,0.08299999999999841,40.60088681778848
2005-06-19,40.869,0.26600000000000534,40.603427043781664
2005-06-26,41.092,0.22299999999999898,40.92266848107786
2005-07-03,41.197,0.10500000000000398,41.12621946853537
2005-07-10,41.5286,0.33159999999999457,41.21130372906821
2005-07-17,41.88,0.35140000000000526,41.592721020284074
2005-07-24,41.754000000000005,-0.12599999999999767,41.93805495674897
2005-07-31,41.524,-0.23000000000000398,41.71680513609433
2005-08-07,41.356,-0.16799999999999926,41.48503685049285
2005-08-14,41.018,-0.33800000000000097,41.329923505361265
2005-08-21,41.114999999999995,0.0969999999999942,40.95496473848995
2005-08-28,41.063,-0.0519999999999925,41.14734082839775
2005-09-04,41.161,0.09799999999999898,41.045955929634516
2005-09-11,41.016,-0.14500000000000313,41.184248754697954
2005-09-18,40.931,-0.08500000000000085,40.98199934256688
2005-09-25,41.048,0.11700000000000443,40.920693765169055
2005-10-02,41.147000000000006,0.09900000000000375,41.07372676206346
2005-10-09,41.038,-0.10900000000000887,41.161807469253304
2005-10-16,40.88,-0.15799999999999415,41.01298028822085
2005-10-23,40.86,-0.020000000000003126,40.85312659322043
2005-10-30,40.837,-0.022999999999996135,40.8613890168146
2005-11-06,40.80800000000001,-0.028999999999996362,40.83207132990475
2005-11-13,41.0892,0.28119999999999123,40.80313552986755
2005-11-20,41.137,0.047800000000002285,41.147009521801344
2005-11-27,41.156,0.01899999999999835,41.134977219371116
2005-12-04,41.221000000000004,0.06500000000000483,41.160248402098055
2005-12-11,41.308,0.08699999999999619,41.2332770256011
2005-12-18,41.096,-0.2120000000000033,41.32310044017551
2005-12-25,40.918,-0.17799999999999727,41.050106261985825
2006-01-01,40.933,0.015000000000000568,40.89130322137235
2006-01-08,40.660000000000004,-0.27299999999999613,40.941426320234754
2006-01-15,39.662,-0.9980000000000047,40.60312778169359
2006-01-22,39.5256,-0.13640000000000185,39.47181158901532
2006-01-29,39.133799999999994,-0.3918000000000035,39.53646986550982
2006-02-05,39.126,-0.007799999999996032,39.05242620213493
2006-02-12,39.512,0.3860000000000028,39.1408682080991
2006-02-19,39.278,-0.23400000000000176,39.5870004060453
2006-02-26,39.338,0.060000000000002274,39.215555454888786
2006-03-05,39.033,-0.3049999999999997,39.36274428438032
2006-03-12,39.013999999999996,-0.019000000000005457,38.96636341493956
2006-03-19,39.106,0.09200000000000585,39.02362666982487
2006-03-26,38.914,-0.19200000000000017,39.12264646722609
2006-04-02,38.872,-0.04200000000000159,38.87183554493749
2006-04-09,38.536,-0.3359999999999985,38.872033234006715
2006-04-16,38.07,-0.4660000000000011,38.46809250852337
2006-04-23,37.852,-0.21800000000000352,37.98955122025543
2006-04-30,37.604,-0.24799999999999756,37.82420287349045
2006-05-07,37.582,-0.021999999999998465,37.55950016117041
2006-05-14,37.604,0.021999999999998465,37.58654689435128
2006-05-21,38.064,0.46000000000000085,37.60752702204169
2006-05-28,38.339999999999996,0.27599999999999625,38.15624663432963
2006-06-04,38.20399999999999,-0.13600000000000279,38.37713391667924
2006-06-11,38.226,0.02200000000000557,38.16901212147671
2006-06-18,38.432,0.20600000000000307,38.23751643195808
2006-06-25,38.397000000000006,-0.03499999999999659,38.471302336503086
2006-07-02,38.405,0.007999999999995566,38.38198456470328
2006-07-09,38.083,-0.32200000000000273,38.40965108899381
2006-07-16,37.856,-0.22699999999999676,38.016988505311836
2006-07-23,38.088,0.23199999999999932,37.823466534717575
2006-07-30,37.927,-0.16100000000000136,38.14145841488581
2006-08-06,37.849000000000004,-0.07799999999999585,37.88366103376948
2006-08-13,37.608999999999995,-0.2400000000000091,37.841995502774516
2006-08-20,37.425,-0.1839999999999975,37.56191495448203
2006-08-27,37.592,0.1670000000000016,37.397331453667086
2006-09-03,37.606,0.014000000000002899,37.631339717959584
2006-09-10,37.386,-0.21999999999999886,37.60087920685451
2006-09-17,37.391999999999996,0.005999999999993122,37.34257599775478
2006-09-24,37.466,0.07400000000000517,37.40198788117231
2006-10-01,37.536,0.07000000000000028,37.47893593006222
2006-10-08,37.571999999999996,0.03599999999999426,37.547531829148916
2006-10-15,37.488,-0.08399999999999608,37.576944665989444
2006-10-22,37.362,-0.12599999999999767,37.47002556016394
2006-10-29,37.132,-0.23000000000000398,37.34016958543468
2006-11-05,36.688,-0.4439999999999955,37.08993191589997
2006-11-12,36.677,-0.011000000000002785,36.60677533115484
2006-11-19,36.510000000000005,-0.1669999999999945,36.69119139721447
2006-11-26,36.565999999999995,0.05599999999999028,36.47338382035828
2006-12-03,36.222,-0.3439999999999941,36.584716400025755
2006-12-10,35.662,-0.5600000000000023,36.14870022381568
2006-12-17,35.348,-0.31400000000000006,35.56364487331697
2006-12-24,35.928,0.5799999999999983,35.30442126755695
2006-12-31,35.96,0.03200000000000358,36.05401630783204
2007-01-07,35.712,-0.24799999999999756,35.94100065417148
2007-01-14,35.844,0.1319999999999979,35.665722256022505
2007-01-21,35.827999999999996,-0.016000000000005343,35.880027372159816
2007-01-28,35.238,-0.5899999999999963,35.81748601514984
2007-02-04,34.263999999999996,-0.9740000000000038,35.12089419720363
2007-02-11,35.477999999999994,1.2139999999999986,34.09083398692695
2007-02-18,34.786,-0.6919999999999931,35.7583263328637
2007-02-25,34.318,-0.4680000000000035,34.589506809805215
2007-03-04,34.058,-0.259999999999998,34.2631323723167
2007-03-11,33.442,-0.6159999999999997,34.01654569305963
2007-03-18,33.396,-0.045999999999999375,33.32589256535976
2007-03-25,33.224000000000004,-0.17199999999999704,33.41016770586503
2007-04-01,32.774,-0.45000000000000284,33.18637817983503
2007-04-08,33.906,1.131999999999998,32.69066429121193
2007-04-15,33.480000000000004,-0.4259999999999948,34.15160189568668
2007-04-22,33.274,-0.20600000000000307,33.34427890044316
2007-04-29,34.804,1.5300000000000011,33.25979764335829
2007-05-06,33.872,-0.9320000000000022,35.116061123007114
2007-05-13,34.204,0.33200000000000074,33.620593110569146
2007-05-20,34.162,-0.04200000000000159,34.321898155188556
2007-05-27,34.232,0.07000000000000028,34.1296868788211
2007-06-03,34.212,-0.01999999999999602,34.25267601267161
2007-06-10,34.172000000000004,-0.03999999999999915,34.20377996190774
2007-06-17,33.79,-0.382000000000005,34.16557772602833
2007-06-24,34.586,0.7959999999999994,33.71410113450691
2007-07-01,34.544,-0.04200000000000159,34.76219824108164
2007-07-08,34.275999999999996,-0.2680000000000007,34.499905268595626
2007-07-15,33.132,-1.1439999999999984,34.23075196028251
2007-07-22,31.378000000000004,-1.7539999999999942,32.90995800585507
2007-07-29,31.381999999999998,0.00399999999999423,31.0684132844697
2007-08-05,31.389999999999997,0.007999999999999119,31.445371372403105
2007-08-12,32.654,1.2640000000000065,31.37881024071732
2007-08-19,32.9,0.2459999999999951,32.91169753984468
2007-08-26,32.58,-0.3200000000000003,32.89763609516288
2007-09-02,32.7,0.12000000000000455,32.51581030611837
2007-09-09,32.772000000000006,0.07200000000000273,32.73722209234549
2007-09-16,32.238,-0.534000000000006,32.779028115759466
2007-09-23,31.85,-0.3879999999999981,32.128665986451736
2007-09-30,32.230000000000004,0.38000000000000256,31.79368560551538
2007-10-07,32.184,-0.04600000000000648,32.31817287406759
2007-10-14,31.406,-0.7779999999999987,32.15688558874519
2007-10-21,31.977999999999998,0.5719999999999992,31.254256804514092
2007-10-28,32.044,0.06599999999999895,32.12425810754703
2007-11-04,33.064,1.0200000000000031,32.02778098889447
2007-11-11,32.54600000000001,-0.5179999999999936,33.27340498302966
2007-11-18,33.368,0.8219999999999956,32.399001897770155
2007-11-25,33.35,-0.018000000000000682,33.5638206025739
2007-12-02,33.284,-0.0660000000000025,33.30678992647934
2007-12-09,33.162,-0.12199999999999989,33.27939448310009
2007-12-16,32.902,-0.259999999999998,33.138276260638065
2007-12-23,32.992000000000004,0.09000000000000341,32.85425196042636
2007-12-30,33.044,0.0519999999999925,33.019836900867624
2008-01-06,32.074,-0.9699999999999989,33.04888301537564
2008-01-13,31.786,-0.2879999999999967,31.87699014098107
2008-01-20,32.566,0.7800000000000011,31.7676121990392
2008-01-27,31.796000000000003,-0.7699999999999996,32.72734271048831
2008-02-03,31.984,0.18799999999999883,31.607789011401636
2008-02-10,32.62,0.6359999999999957,32.060026838765445
2008-02-17,32.16,-0.46000000000000085,32.73316253520602
2008-02-24,31.857999999999997,-0.3019999999999996,32.04417208170114
2008-03-02,32.162,0.30400000000000205,31.82037729554138
2008-03-09,31.496,-0.6660000000000004,32.231037043195506
2008-03-16,31.51,0.014000000000002899,31.347459567999717
2008-03-23,31.233999999999998,-0.27600000000000335,31.542847087381983
2008-03-30,31.392000000000003,0.1580000000000048,31.171586438389134
2008-04-06,31.498,0.1059999999999981,31.436542415873443
2008-04-13,31.65,0.15199999999999747,31.5104196952798
2008-04-20,31.496,-0.15399999999999991,31.67820717534416
2008-04-27,31.481,-0.014999999999997016,31.45917854618386
2008-05-04,31.65,0.16899999999999693,31.48540980248102
2008-05-11,31.722,0.07200000000000273,31.68326131556063
2008-05-18,32.26,0.5379999999999967,31.72982853187471
2008-05-25,32.036,-0.22399999999999665,32.36714004095248
2008-06-01,32.241,0.2049999999999983,31.96908135257805
2008-06-08,32.629,0.3879999999999981,32.295950854152046
2008-06-15,33.096000000000004,0.46700000000000585,32.6963044501084
2008-06-22,33.215999999999994,0.11999999999999034,33.176772731386954
2008-06-29,33.484,0.2680000000000078,33.2239272677206
2008-07-06,33.404,-0.0799999999999983,33.53655696479776
2008-07-13,33.622,0.21799999999999642,33.37721214080572
2008-07-20,33.525999999999996,-0.09600000000000364,33.67146811142343
2008-07-27,33.362,-0.16399999999999437,33.49660298346439
2008-08-03,33.424,0.06199999999999761,33.33479866981206
2008-08-10,33.566,0.142000000000003,33.442026307985124
2008-08-17,33.674,0.10799999999999699,33.591053303012465
2008-08-24,33.897999999999996,0.22399999999999665,33.69076233642588
2008-08-31,34.058,0.1600000000000037,33.939879756073516
2008-09-07,34.324,0.26599999999999824,34.081870405203716
2008-09-14,34.548,0.22400000000000375,34.372930914358726
2008-09-21,34.338,-0.21000000000000085,34.583378948383334
2008-09-28,33.896,-0.44200000000000017,34.28841243793894
2008-10-05,33.926,0.030000000000001137,33.816699080960156
2008-10-12,34.368,0.44200000000000017,33.94808814628121
2008-10-19,34.174,-0.19400000000000261,34.45285815610362
2008-10-26,34.42,0.24600000000000222,34.1176467707881
2008-11-02,34.769999999999996,0.3499999999999943,34.48110124612029
2008-11-09,34.936,0.16600000000000392,34.82838228984905
2008-11-16,34.922000000000004,-0.013999999999995794,34.95774799393403
2008-11-23,35.013999999999996,0.09199999999999164,34.91477584373297
2008-11-30,35.268,0.2540000000000049,35.0340517772175
2008-12-07,35.291999999999994,0.023999999999993804,35.31527757655143
2008-12-14,35.226,-0.0659999999999954,35.2872959360227
2008-12-21,34.926,-0.29999999999999716,35.21361297148088
2008-12-28,34.757999999999996,-0.16800000000000637,34.86787754831114
2009-01-04,35.118,0.36000000000000654,34.73579532522291
2009-01-11,35.19,0.07199999999999562,35.195238076678564
2009-01-18,35.186,-0.003999999999997783,35.18894145991703
2009-01-25,35.188,0.0020000000000024443,35.185405573187325
2009-02-01,35.176,-0.012000000000000455,35.188524296405355
2009-02-08,35.246,0.07000000000000028,35.17346901953341
2009-02-15,35.327999999999996,0.08199999999999363,35.26065746967674
2009-02-22,35.6,0.27200000000000557,35.341608958403945
2009-03-01,36.072,0.4720000000000013,35.65221711925813
2009-03-08,36.512,0.4399999999999977,36.156832092516915
2009-03-15,36.263999999999996,-0.24800000000000466,36.58377433423058
2009-03-22,36.032,-0.23199999999999932,36.19937819870585
2009-03-29,35.648,-0.38399999999999324,35.99817526943253
2009-04-05,35.736000000000004,0.08800000000000097,35.57723460622993
2009-04-12,35.714,-0.02200000000000557,35.7680842063616
2009-04-19,35.768,0.054000000000002046,35.703070358491836
2009-04-26,35.834,0.0660000000000025,35.7811213482212
2009-05-03,35.198,-0.6360000000000028,35.84468601623759
2009-05-10,34.803999999999995,-0.39400000000000546,35.067314041911594
2009-05-17,34.355000000000004,-0.44899999999999096,34.75078801306768
2009-05-24,34.269999999999996,-0.08500000000000796,34.275016925696676
2009-05-31,34.092,-0.17799999999999727,34.26898615135496
2009-06-07,33.891999999999996,-0.20000000000000284,34.056233640163164
2009-06-14,33.872,-0.01999999999999602,33.85881073956115
2009-06-21,33.886,0.014000000000002899,33.874665360149514
2009-06-28,33.868,-0.018000000000000682,33.88829056795919
2009-07-05,33.861000000000004,-0.006999999999997897,33.863899567568616
2009-07-12,33.79600000000001,-0.06499999999999773,33.86041403902941
2009-07-19,33.782,-0.014000000000010004,33.78298284763621
2009-07-26,33.7,-0.08199999999999363,33.78180138060547
2009-08-02,33.69199999999999,-0.008000000000009777,33.683469115569295
2009-08-09,33.676,-0.015999999999991132,33.69372396924809
2009-08-16,33.903999999999996,0.22799999999999443,33.67241824031422
2009-08-23,34.034000000000006,0.13000000000000966,33.95079934833973
2009-08-30,34.004,-0.030000000000008242,34.0508136570187
2009-09-06,34.022,0.018000000000000682,33.994539632115895
2009-09-13,34.022,0.0,34.02754934604474
2009-09-20,33.836,-0.18599999999999994,34.02087855684766
2009-09-27,33.628,-0.2079999999999984,33.79863869834049
2009-10-04,33.536,-0.09199999999999875,33.59351636927403
2009-10-11,33.379000000000005,-0.15699999999999648,33.52437676764982
2009-10-18,33.356,-0.02300000000000324,33.349621442729436
2009-10-25,33.409,0.05299999999999727,33.35728901483439
2009-11-01,33.45,0.04100000000000392,33.419450047581634
2009-11-08,33.42,-0.030000000000001137,33.45617370671563
2009-11-15,33.314,-0.10600000000000165,33.41268981329263
2009-11-22,33.194,-0.11999999999999744,33.29405620582497
2009-11-29,33.171,-0.02300000000000324,33.17378007751428
2009-12-06,33.174,0.0030000000000001137,33.17043818625362
2009-12-13,33.146,-0.027999999999998693,33.1747197914139
2009-12-20,33.153999999999996,0.007999999999995566,33.14019614254401
2009-12-27,33.269999999999996,0.11599999999999966,33.15678956138165
2010-01-03,33.35,0.0800000000000054,33.29287820405105
2010-01-10,33.19,-0.1600000000000037,33.36154349474688
2010-01-17,33.012,-0.17799999999999727,33.15533352291231
2010-01-24,32.907,-0.10500000000000398,32.983034353151844
2010-01-31,33.032,0.125,32.89163454900866
2010-02-07,33.126,0.0940000000000012,33.0603658421316
2010-02-14,33.166,0.03999999999999915,33.139263720861415
2010-02-21,33.176,0.010000000000005116,33.17140301810649
2010-02-28,33.088,-0.08800000000000097,33.176928984032415
2010-03-07,32.771,-0.31700000000000017,33.070028729262276
2010-03-14,32.678,-0.09300000000000352,32.71057058758289
2010-03-21,32.438,-0.23999999999999488,32.67141795193201
2010-03-28,32.339999999999996,-0.09800000000000608,32.39082958357328
2010-04-04,32.352,0.012000000000000455,32.329728071024086
2010-04-11,32.352,0.0,32.35650083704241
2010-04-18,32.291,-0.06099999999999994,32.351090445461445
2010-04-25,32.236000000000004,-0.05499999999999261,32.278856583813614
2010-05-02,32.272000000000006,0.036000000000001364,32.22733929979086
2010-05-09,32.355000000000004,0.08299999999999841,32.2810252862273
2010-05-16,32.303,-0.05200000000000671,32.36994922744727
2010-05-23,32.405,0.10200000000000387,32.28947052245983
2010-05-30,32.495,0.0899999999999963,32.428346848517975
2010-06-06,32.562,0.06700000000000017,32.508469644838954
2010-06-13,32.574,0.012000000000000455,32.5728177161333
2010-06-20,32.408,-0.16599999999999682,32.57423892259299
2010-06-27,32.339999999999996,-0.06800000000000495,32.37440550077603
2010-07-04,32.379,0.03900000000000148,32.333047142323274
2010-07-11,32.423,0.044000000000004036,32.38828641269734
2010-07-18,32.31699999999999,-0.10600000000000875,32.43001511753993
2010-07-25,32.278999999999996,-0.0379999999999967,32.294161267534264
2010-08-01,32.232,-0.046999999999997044,32.27593612553263
2010-08-08,32.17,-0.06199999999999761,32.22312113991063
2010-08-15,31.962,-0.20800000000000196,32.15926498039287
2010-08-22,31.729000000000003,-0.232999999999997,31.92213557999921
2010-08-29,31.476999999999997,-0.252000000000006,31.689970072524527
2010-09-05,31.238,-0.23899999999999721,31.43396180638951
2010-09-12,31.064,-0.1739999999999995,31.198398932752955
2010-09-19,30.782,-0.28200000000000003,31.03683990553087
2010-09-26,30.714999999999996,-0.06700000000000372,30.730500514349725
2010-10-03,30.505000000000003,-0.20999999999999375,30.71186756862249
2010-10-10,30.061,-0.4440000000000026,30.463195034802
2010-10-17,29.926,-0.13500000000000156,29.979722158602872
2010-10-24,29.889,-0.036999999999999034,29.91514352314522
2010-10-31,29.923000000000002,0.03400000000000247,29.88371676936836
2010-11-07,29.792,-0.13100000000000023,29.930938576841005
2010-11-14,29.645999999999997,-0.14600000000000435,29.763922508645628
2010-11-21,29.928000000000004,0.28200000000000713,29.62216955425725
2010-11-28,30.023000000000003,0.09499999999999886,29.98980394165167
2010-12-05,30.145999999999997,0.122999999999994,30.029708446728527
2010-12-12,30.061,-0.0849999999999973,30.169500853080585
2010-12-19,30.077999999999996,0.016999999999995907,30.03907353556098
2010-12-26,30.162200000000002,0.08420000000000627,30.08586647951629
2011-01-02,30.163,0.0007999999999981355,30.17762590841335
2011-01-09,30.1404,-0.02260000000000062,30.16004431392373
2011-01-16,30.464,0.323599999999999,30.13643016622959
2011-01-23,30.53,0.0660000000000025,30.530197159815216
2011-01-30,30.842000000000002,0.31200000000000117,30.529960156832374
2011-02-06,30.912,0.06999999999999673,30.905058771710223
2011-02-13,30.747000000000003,-0.1649999999999956,30.91340272256796
2011-02-20,30.692,-0.05500000000000327,30.713372399153098
2011-02-27,30.599,-0.09299999999999997,30.687680945018386
2011-03-06,30.552,-0.0470000000000006,30.58107885438541
2011-03-13,30.386000000000003,-0.16599999999999682,30.546123581073267
2011-03-20,30.363999999999997,-0.02200000000000557,30.353641323486706
2011-03-27,30.256999999999998,-0.10699999999999932,30.366093339782637
2011-04-03,30.302,0.045000000000001705,30.234953802506034
2011-04-10,30.169,-0.13299999999999912,30.315549073794205
2011-04-17,30.104000000000003,-0.06499999999999773,30.139384536490848
2011-04-24,30.026999999999997,-0.07700000000000529,30.096849293263332
2011-05-01,29.929000000000002,-0.09799999999999542,30.01288446080058
2011-05-08,30.012,0.08299999999999841,29.9120481549729
2011-05-15,30.199,0.18700000000000117,30.032198832667
2011-05-22,30.279000000000003,0.08000000000000185,30.232708120812635
2011-05-29,30.387,0.10799999999999699,30.28835492407662
2011-06-05,30.302999999999997,-0.08400000000000318,30.40693475339509
2011-06-12,30.318,0.015000000000004121,30.281996278742586
2011-06-19,30.505000000000003,0.18700000000000117,30.325275835087094
2011-06-26,30.53,0.02499999999999858,30.54131967306164
2011-07-03,30.819,0.2889999999999979,30.527712456613934
2011-07-10,30.433,-0.38599999999999923,30.877865029907557
2011-07-17,30.189999999999998,-0.2430000000000021,30.343099165292394
2011-07-24,29.939,-0.25099999999999767,30.159060857052115
2011-07-31,29.736,-0.2029999999999994,29.89452886065338
2011-08-07,29.800599999999996,0.0645999999999951,29.7039635935849
2011-08-14,29.878800000000002,0.07820000000000604,29.820128830130038
2011-08-21,29.8668,-0.012000000000000455,29.89065660096879
2011-08-28,29.8838,0.01699999999999946,29.8619789235022
2011-09-04,29.987599999999997,0.10379999999999612,29.8882097262304
2011-09-11,29.962,-0.02559999999999718,30.00768534717948
2011-09-18,30.202999999999996,0.2409999999999961,29.952767647332955
2011-09-25,30.575,0.37200000000000344,30.253568365376545
2011-10-02,31.04,0.46499999999999986,30.63995671790629
2011-10-09,31.144,0.1039999999999992,31.120843003071894
2011-10-16,30.8786,-0.26539999999999964,31.148679696566823
2011-10-23,30.797000000000004,-0.08159999999999457,30.824020771410193
2011-10-30,30.78,-0.017000000000003013,30.79153949009046
2011-11-06,30.726,-0.054000000000002046,30.77766803474877
2011-11-13,30.7154,-0.010600000000000165,30.715558632080878
2011-11-20,30.833999999999996,0.11859999999999715,30.715367942734257
2011-11-27,31.215999999999998,0.38200000000000145,30.857973835330426
2011-12-04,31.119,-0.09699999999999775,31.288351946966127
2011-12-11,30.806,-0.31299999999999883,31.08477640325027
2011-12-18,31.221999999999998,0.4159999999999968,30.74966329186587
2011-12-25,31.278000000000002,0.05600000000000449,31.31745246641015
2012-01-01,31.491000000000003,0.21300000000000097,31.270027223038227
2012-01-08,31.512400000000003,0.021399999999999864,31.535655425266064
2012-01-15,31.7246,0.21219999999999573,31.507700412479416
2012-01-22,31.7682,0.043600000000001415,31.768432292167105
2012-01-29,31.4156,-0.3525999999999989,31.768153057088522
2012-02-05,31.014400000000002,-0.40119999999999933,31.344354089487407
2012-02-12,30.842000000000002,-0.17239999999999966,30.947721016340015
2012-02-19,30.830599999999997,-0.011400000000005406,30.82063530065045
2012-02-26,30.5988,-0.23179999999999623,30.83261372265498
2012-03-04,30.3996,-0.19920000000000115,30.551549603993053
2012-03-11,30.6642,0.2646000000000015,30.36889316688411
2012-03-18,30.6764,0.012199999999999989,30.7238772706488
2012-03-25,30.746199999999998,0.0697999999999972,30.666805525330116
2012-04-01,30.7566,0.010400000000000631,30.762244483301995
2012-04-08,30.892000000000003,0.13540000000000418,30.755459330974052
2012-04-15,30.8892,-0.0028000000000041325,30.91959290861662
2012-04-22,30.820999999999998,-0.06820000000000093,30.883058029581704
2012-04-29,30.918799999999997,0.09779999999999944,30.808458963315537
2012-05-06,30.8048,-0.11399999999999721,30.94109833912208
2012-05-13,31.047800000000002,0.2430000000000021,30.77725606277733
2012-05-20,31.351800000000004,0.30400000000000205,31.102473044960302
2012-05-27,31.4546,0.1027999999999949,31.402185397516714
2012-06-03,31.754399999999997,0.2997999999999976,31.46519223853827
2012-06-10,31.5366,-0.21779999999999688,31.81284473584433
2012-06-17,31.568599999999996,0.031999999999996476,31.480774905496283
2012-06-24,31.494,-0.07459999999999667,31.586348190514766
2012-07-01,31.816000000000003,0.32200000000000273,31.47533775672873
2012-07-08,31.502,-0.3140000000000036,31.884842947780854
2012-07-15,31.692,0.19000000000000128,31.424632937512367
2012-07-22,31.607999999999997,-0.08400000000000318,31.746031044193234
2012-07-29,31.676,0.06800000000000139,31.580105907962434
2012-08-05,31.486,-0.18999999999999773,31.695378819053268
2012-08-12,31.45,-0.036000000000001364,31.443687547149093
2012-08-19,31.445999999999998,-0.004000000000001336,31.451275656080377
2012-08-26,31.369999999999997,-0.07600000000000051,31.444933865659532
2012-09-02,31.274,-0.09599999999999653,31.354856941728908
2012-09-09,31.2,-0.07400000000000162,31.257659973105003
2012-09-16,31.028000000000002,-0.17199999999999704,31.18834774737759
2012-09-23,30.794,-0.23400000000000176,30.995596022695413
2012-09-30,30.892000000000003,0.09800000000000253,30.753260338539494
2012-10-07,30.694,-0.19800000000000395,30.920037293412214
2012-10-14,30.645999999999997,-0.04800000000000182,30.648321108680918
2012-10-21,30.637999999999998,-0.007999999999999119,30.645530937264486
2012-10-28,30.71,0.07200000000000273,30.63647810571591
2012-11-04,30.686,-0.02400000000000091,30.72485771913067
2012-11-11,30.71,0.02400000000000091,30.678147412923405
2012-11-18,30.65,-0.060000000000002274,30.71643695047547
2012-11-25,30.684000000000005,0.034000000000006025,30.63657404628003
2012-12-02,30.668,-0.016000000000005343,30.693584104255436
2012-12-09,30.648000000000003,-0.01999999999999602,30.662829819893265
2012-12-16,30.619999999999997,-0.028000000000005798,30.645003106341616
2012-12-23,30.580000000000002,-0.039999999999995595,30.61494723122907
2012-12-30,30.604000000000003,0.02400000000000091,30.572937666377452
2013-01-06,30.477999999999998,-0.12600000000000477,30.610277251599694
2013-01-13,30.394,-0.08399999999999963,30.451268666826625
2013-01-20,30.014,-0.379999999999999,30.382426824757665
2013-01-27,29.726,-0.28800000000000026,29.939546228973605
2013-02-03,29.842000000000002,0.11600000000000321,29.682845373444213
2013-02-10,29.75,-0.0920000000000023,29.87416286471858
2013-02-17,29.784000000000002,0.03400000000000247,29.72490846790046
2013-02-24,29.833999999999996,0.049999999999993605,29.79594155013939
2013-03-03,29.792,-0.041999999999994486,29.841691066233853
2013-03-10,29.748,-0.04400000000000048,29.781958149030366
2013-03-17,29.637999999999998,-0.11000000000000298,29.741137545687533
2013-03-24,29.298000000000002,-0.3399999999999963,29.617157382973144
2013-03-31,29.278,-0.020000000000003126,29.233502875696157
2013-04-07,29.298000000000002,0.020000000000003126,29.286992229885623
2013-04-14,29.080000000000002,-0.21799999999999997,29.30022451227906
2013-04-21,28.898000000000003,-0.1819999999999986,29.035495788281953
2013-04-28,28.812,-0.08600000000000207,28.87021407549635
2013-05-05,29.284,0.47199999999999775,28.800235771240683
2013-05-12,29.502,0.21799999999999997,29.381761804240224
2013-05-19,29.683999999999997,0.1819999999999986,29.52629841285746
2013-05-26,29.818,0.1340000000000039,29.715869226317416
2013-06-02,30.008,0.18999999999999773,29.83863916286094
2013-06-09,30.436,0.4280000000000008,30.042225393326024
2013-06-16,30.774,0.33800000000000097,30.515576193781754
2013-06-23,30.836000000000002,0.062000000000001165,30.826223740517804
2013-06-30,31.065999999999995,0.22999999999999332,30.83797564166361
2013-07-07,31.002,-0.0639999999999965,31.112080448607895
2013-07-14,31.212,0.21000000000000085,30.97975432198639
2013-07-21,31.032,-0.17999999999999972,31.25893351670055
2013-07-28,30.951999999999998,-0.08000000000000185,30.986139994823258
2013-08-04,31.204,0.25200000000000244,30.94510079726392
2013-08-11,31.298000000000002,0.0940000000000012,31.25631981132782
2013-08-18,31.214,-0.08400000000000318,31.30642296764297
2013-08-25,31.624000000000002,0.4100000000000037,31.19532264534485
2013-09-01,32.03,0.4059999999999988,31.710629537978647
2013-09-08,32.144,0.11399999999999721,32.09454018451988
2013-09-15,31.979999999999997,-0.16400000000000148,32.153995118512846
2013-09-22,31.477999999999998,-0.5019999999999989,31.94483808495218
2013-09-29,31.174,-0.3039999999999985,31.383658726379945
2013-10-06,31.23,0.05600000000000094,31.13163098189757
2013-10-13,31.338,0.10800000000000054,31.249878966073403
2013-10-20,31.192,-0.1460000000000008,31.35580799562273
2013-10-27,31.088,-0.1039999999999992,31.158896756210925
2013-11-03,31.056,-0.03200000000000003,31.073672783579443
2013-11-10,31.242,0.18599999999999994,31.05242858420288
2013-11-17,31.544,0.3019999999999996,31.280309661068227
2013-11-24,31.631999999999998,0.08799999999999741,31.597288031156832
2013-12-01,32.0,0.3680000000000021,31.6390147904725
2013-12-08,32.172000000000004,0.17200000000000415,32.07294992744286
2013-12-15,32.098,-0.07400000000000517,32.192016597399416
2013-12-22,32.168,0.07000000000000028,32.07900059565407
2013-12-29,32.694,0.5260000000000034,32.185985501671915
2014-01-05,32.792,0.09799999999999898,32.796662435509376
2014-01-12,33.019999999999996,0.22799999999999443,32.79105778873168
2014-01-19,32.876,-0.14399999999999835,33.06626593350595
2014-01-26,32.852,-0.02400000000000091,32.83754998687543
2014-02-02,32.888,0.036000000000001364,32.85492014016409
2014-02-09,32.822,-0.0659999999999954,32.89468496467766
2014-02-16,32.654,-0.16799999999999926,32.807311412325284
2014-02-23,32.406,-0.24800000000000466,32.62301796497444
2014-03-02,32.524,0.1180000000000021,32.362143785449256
2014-03-09,32.364,-0.1600000000000037,32.55670881686014
2014-03-16,32.344,-0.01999999999999602,32.325056315227016
2014-03-23,32.242000000000004,-0.10199999999999676,32.34782824667941
2014-03-30,32.477999999999994,0.23599999999999,32.22061363093859
2014-04-06,32.412,-0.0659999999999954,32.530014089365004
2014-04-13,32.314,-0.09799999999999898,32.38815104710888
2014-04-20,32.218,-0.09599999999999653,32.299015138117475
2014-04-27,32.267999999999994,0.04999999999999005,32.20162800388643
2014-05-04,32.272000000000006,0.004000000000011994,32.28141282737611
2014-05-11,32.374,0.10199999999999676,32.2700978027465
2014-05-18,32.53,0.1559999999999988,32.39499714212867
2014-05-25,32.483999999999995,-0.04600000000000648,32.557282139063766
2014-06-01,32.626,0.142000000000003,32.469190731956694
2014-06-08,32.698,0.07200000000000273,32.65768890144031
2014-06-15,32.442,-0.2560000000000002,32.70614629419006
2014-06-22,32.408,-0.03399999999999892,32.38861982683255
2014-06-29,32.426,0.018000000000000682,32.411916454716376
2014-07-06,32.38,-0.045999999999999375,32.42884608227557
2014-07-13,32.29,-0.09000000000000341,32.37012890815517
2014-07-20,32.122,-0.16799999999999926,32.27380709823639
2014-07-27,31.872000000000003,-0.24999999999999645,32.09132196525129
2014-08-03,31.906,0.03399999999999537,31.82767818007655
2014-08-10,32.168,0.26200000000000045,31.92182771518004
2014-08-17,32.0,-0.16799999999999926,32.21774788396335
2014-08-24,31.906,-0.0940000000000012,31.95599627930254
2014-08-31,31.919999999999998,0.013999999999999346,31.89589646985175
2014-09-07,32.018,0.09800000000000253,31.9248709773393
2014-09-14,32.078,0.060000000000002274,32.03682003823596
2014-09-21,32.220000000000006,0.142000000000003,32.08632187896762
2014-09-28,32.224000000000004,0.003999999999997783,32.247014428770576
2014-10-05,32.386,0.16199999999999903,32.219349114410676
2014-10-12,32.534,0.14799999999999613,32.41967775103014
2014-10-19,32.416,-0.1180000000000021,32.55710288495856
2014-10-26,32.30800000000001,-0.10799999999998988,32.38748513305246
2014-11-02,32.44799999999999,0.13999999999998636,32.29193719594066
2014-11-09,32.698,0.2500000000000071,32.47953805178766
2014-11-16,32.784,0.08599999999999852,32.74214802282891
2014-11-23,32.794,0.00999999999999801,32.79245768363188
2014-11-30,32.762,-0.031999999999996476,32.79431167999181
2014-12-07,32.85,0.08800000000000097,32.755470273438505
2014-12-14,32.878,0.027999999999998693,32.869103100381544
2014-12-21,32.9,0.021999999999998465,32.87979793566191
2014-12-28,32.866,-0.03399999999999892,32.90408254712039
2015-01-04,32.914,0.04800000000000182,32.85830406405595
2015-01-11,32.9,-0.014000000000002899,32.92525534891388
2015-01-18,32.803999999999995,-0.09600000000000364,32.89489625662718
2015-01-25,32.596000000000004,-0.2079999999999913,32.785631171719025
2015-02-01,32.574,-0.02200000000000557,32.557678263118
2015-02-08,32.624,0.05000000000000426,32.57729838865931
2015-02-15,32.614,-0.010000000000005116,32.63343772506145
2015-02-22,32.568,-0.045999999999999375,32.610071914872236
2015-03-01,32.510000000000005,-0.057999999999992724,32.559497870116815
2015-03-08,32.38,-0.13000000000000256,32.49999719119151
2015-03-15,32.7,0.3200000000000003,32.355750290705195
2015-03-22,32.839999999999996,0.13999999999999346,32.76956792315163
2015-03-29,32.53,-0.30999999999999517,32.854233311393735
2015-04-05,32.513999999999996,-0.016000000000005343,32.464477103447834
2015-04-12,32.488,-0.02599999999999625,32.52400786629172
2015-04-19,32.476,-0.012000000000000455,32.480723327260996
2015-04-26,32.372,-0.1039999999999992,32.47504548338302
2015-05-03,32.724000000000004,0.35200000000000387,32.351175987442964
2015-05-10,33.32,0.5959999999999965,32.79934237954124
2015-05-17,33.584,0.2640000000000029,33.425217428948834
2015-05-24,33.480000000000004,-0.1039999999999992,33.616087677643456
2015-05-31,33.652,0.17199999999999704,33.45249863443727
2015-06-07,33.67,0.018000000000000682,33.692316361331265
2015-06-14,33.716,0.045999999999999375,33.66549018381657
2015-06-21,33.67,-0.045999999999999375,33.726207308577976
2015-06-28,33.718,0.04800000000000182,33.65864131001963
2015-07-05,33.786,0.06799999999999784,33.72999553891097
2015-07-12,33.892,0.10600000000000165,33.79731769741555
2015-07-19,34.068,0.17599999999999483,33.91113393380493
2015-07-26,34.519999999999996,0.4519999999999982,34.099700379531214
2015-08-02,34.936,0.4160000000000039,34.60493651819583
2015-08-09,35.084,0.14800000000000324,35.002903175917396
2015-08-16,35.192,0.10799999999999699,35.1003885036742
2015-08-23,35.478,0.28600000000000136,35.2105133679539
2015-08-30,35.616,0.13799999999999812,35.5320552074841
2015-09-06,35.794,0.17799999999999727,35.63296403720046
2015-09-13,36.062,0.2680000000000007,35.826543055759245
2015-09-20,35.918,-0.14399999999999835,36.10958246749434
2015-09-27,35.994,0.07600000000000051,35.87928393426055
2015-10-04,36.354,0.35999999999999943,36.01718246967286
2015-10-11,36.118,-0.2359999999999971,36.422065986501245
2015-10-18,35.4,-0.7180000000000035,36.0565526302251
2015-10-25,35.474000000000004,0.07400000000000517,35.26732014089986
2015-11-01,35.562,0.08799999999999386,35.51576703179887
2015-11-08,35.56,-0.001999999999995339,35.571343019012204
2015-11-15,35.854,0.29399999999999693,35.55770773873255
2015-11-22,35.916,0.06199999999999761,35.91387641152842
2015-11-29,35.742000000000004,-0.17399999999999238,35.9164291467374
2015-12-06,35.818,0.0759999999999934,35.70675037408024
2015-12-13,35.918,0.10000000000000142,35.840481951960065
2015-12-20,36.052,0.13400000000000034,35.933665284423775
2015-12-27,36.083999999999996,0.031999999999996476,36.07591374684452
2016-01-03,36.05,-0.03399999999999892,36.08563411565185
2016-01-10,36.153999999999996,0.1039999999999992,36.04279885689861
2016-01-17,36.282,0.1280000000000001,36.176472154278635
2016-01-24,36.278000000000006,-0.003999999999990678,36.303325662341265
2016-01-31,35.88,-0.39800000000000324,36.272882047293145
2016-02-07,35.678,-0.2020000000000053,35.800604179652815
2016-02-14,35.39,-0.2879999999999967,35.65322345577102
2016-02-21,35.6,0.21000000000000085,35.336806319225964
2016-02-28,35.686,0.08599999999999852,35.65318766367469
2016-03-06,35.572,-0.11399999999999721,35.69263090201755
2016-03-13,35.32,-0.25200000000000244,35.547622226846734
2016-03-20,34.962,-0.357999999999997,35.27400081639193
2016-03-27,35.05,0.08799999999999386,34.898949115040764
2016-04-03,35.263999999999996,0.21399999999999864,35.08052521490389
2016-04-10,35.22,-0.04399999999999693,35.30107761954533
2016-04-17,35.05800000000001,-0.16199999999999193,35.20361537728702
2016-04-24,34.94,-0.11800000000000921,35.028573223147966
2016-05-01,35.07,0.13000000000000256,34.92210062342863
2016-05-08,35.0,-0.07000000000000028,35.09988834031136
2016-05-15,35.226,0.2259999999999991,34.97981400072419
2016-05-22,35.538,0.3119999999999976,35.27575065545795
2016-05-29,35.67,0.132000000000005,35.59099682688197
2016-06-05,35.706,0.036000000000001364,35.68596540687709
2016-06-12,35.212,-0.4939999999999998,35.710048703592534
2016-06-19,35.251999999999995,0.03999999999999204,35.1113515085074
2016-06-26,35.182,-0.06999999999999318,35.28042304055272
2016-07-03,35.2,0.018000000000000682,35.162110116765106
2016-07-10,35.138,-0.06200000000000472,35.20765700133926
2016-07-17,35.146,0.008000000000002672,35.12392332023731
2016-07-24,34.974000000000004,-0.17199999999999704,35.150461379980015
2016-07-31,34.95,-0.02400000000000091,34.93833968892283
2016-08-07,34.836,-0.11400000000000432,34.952356381437774
2016-08-14,34.876,0.03999999999999915,34.81248604607787
2016-08-21,34.624,-0.25199999999999534,34.88883525808797
2016-08-28,34.618,-0.006000000000000227,34.57048059712165
2016-09-04,34.596000000000004,-0.021999999999998465,34.6276029889885
2016-09-11,34.67,0.07399999999999807,34.589613489714154
2016-09-18,34.886,0.21600000000000108,34.6862449594553
2016-09-25,34.744,-0.142000000000003,34.92636762540259
2016-10-02,34.606,-0.13799999999999812,34.70714612153096
2016-10-09,34.726,0.11999999999999744,34.58555982120024
2016-10-16,35.29600000000001,0.5700000000000074,34.75438094354867
2016-10-23,35.077999999999996,-0.21800000000001063,35.40545343417675
2016-10-30,35.032000000000004,-0.04599999999999227,35.01182636287127
2016-11-06,35.0,-0.03200000000000358,35.03607680238957
2016-11-13,35.05,0.04999999999999716,34.992709396265475
2016-11-20,35.464,0.4140000000000015,35.061577608376425
2016-11-27,35.592,0.1280000000000001,35.54532378694614
2016-12-04,35.650999999999996,0.0589999999999975,35.60143259243237
2016-12-11,35.614,-0.036999999999999034,35.66101686132881
2016-12-18,35.652,0.03800000000000381,35.60449856744264
2016-12-25,35.943,0.2909999999999968,35.661599357444665
2017-01-01,35.969,0.026000000000003354,35.99986702921611
2017-01-08,35.808,-0.16100000000000136,35.96276221661647
2017-01-15,35.554,-0.2539999999999978,35.77672477825935
2017-01-22,35.379000000000005,-0.17499999999999716,35.50899052042877
2017-01-29,35.293,-0.08600000000000563,35.35273078236101
2017-02-05,35.148,-0.14499999999999602,35.28092926656179
2017-02-12,35.032000000000004,-0.11599999999999966,35.1211369039651
2017-02-19,35.035000000000004,0.0030000000000001137,35.013986711629414
2017-02-26,35.007000000000005,-0.027999999999998693,35.03924648384896
2017-03-05,34.944,-0.06300000000000239,35.000483448642825
2017-03-12,35.186,0.24199999999999733,34.932585506077636
2017-03-19,35.188,0.0020000000000024443,35.23721143043174
2017-03-26,34.672000000000004,-0.5159999999999982,35.17805507653886
2017-04-02,34.44,-0.23200000000000642,34.569733535498806
2017-04-09,34.45399999999999,0.013999999999995794,34.41378271532528
2017-04-16,34.512,0.058000000000006935,34.46212733575098
2017-04-23,34.352,-0.1600000000000037,34.52207854932093
2017-04-30,34.446000000000005,0.0940000000000083,34.31762956734767
2017-05-07,34.564,0.117999999999995,34.471941821162304
2017-05-14,34.705,0.14099999999999824,34.582603636075625
2017-05-21,34.532,-0.17300000000000182,34.72973454765429
2017-05-28,34.3,-0.23199999999999932,34.49204068719821
2017-06-04,34.1,-0.19999999999999574,34.26119133463799
2017-06-11,34.029,-0.07099999999999795,34.06742554582319
2017-06-18,33.977,-0.05200000000000671,34.02123474894326
2017-06-25,33.983999999999995,0.006999999999997897,33.968060792407286
2017-07-02,33.965999999999994,-0.018000000000000682,33.98722108498269
2017-07-09,33.995,0.029000000000003467,33.96171152343949
2017-07-16,34.037,0.04200000000000159,34.001727123122166
2017-07-23,33.628,-0.4089999999999989,34.044128141932205
2017-07-30,33.408,-0.21999999999999886,33.54390647771796
2017-08-06,33.291999999999994,-0.11600000000000676,33.380535252340344
2017-08-13,33.263999999999996,-0.027999999999998693,33.27410829678363
2017-08-20,33.257999999999996,-0.006000000000000227,33.261957258365506
2017-08-27,33.28,0.02200000000000557,33.257200294906774
2017-09-03,33.2,-0.0799999999999983,33.28460749301736
2017-09-10,33.14,-0.060000000000002274,33.182902040543944
2017-09-17,33.11,-0.030000000000001137,33.13133011363838
2017-09-24,33.094,-0.015999999999998238,33.10568949031373
2017-10-01,33.217,0.12299999999999756,33.09163772185751
2017-10-08,33.371,0.15400000000000347,33.24233391633008
2017-10-15,33.275999999999996,-0.09500000000000597,33.39700156798769
2017-10-22,33.098,-0.17799999999999727,33.25154732057657
2017-10-29,33.190999999999995,0.09299999999999642,33.066970291304266
2017-11-05,33.183,-0.007999999999995566,33.21606462317931
2017-11-12,33.124,-0.0589999999999975,33.17631811443185
2017-11-19,33.022,-0.10200000000000387,33.113427260311454
2017-11-26,32.760000000000005,-0.26199999999999335,33.00352386349914
2017-12-03,32.622,-0.13800000000000523,32.710787323956794
2017-12-10,32.61,-0.012000000000000455,32.604057356729456
2017-12-17,32.564,-0.045999999999999375,32.611200922874296
2017-12-24,32.668,0.1039999999999992,32.55446137124725
2017-12-31,32.751999999999995,0.08399999999999608,32.69094452656472
2018-01-07,32.435,-0.31699999999999307,32.76433843448301
2018-01-14,32.166,-0.26900000000000546,32.36844543137619
2018-01-21,31.938,-0.22799999999999798,32.125088685241806
2018-01-28,31.697000000000003,-0.2409999999999961,31.90019206312736
2018-02-04,31.369,-0.32800000000000296,31.655937801685816
2018-02-11,31.630000000000003,0.2610000000000028,31.311013990431928
2018-02-18,31.490999999999996,-0.13900000000000645,31.694462492199442
2018-02-25,31.454,-0.03699999999999548,31.449883151853445
2018-03-04,31.435000000000002,-0.01899999999999835,31.454831955896413
2018-03-11,31.371,-0.06400000000000361,31.430992246481274
2018-03-18,31.249000000000002,-0.12199999999999633,31.358876428417464
2018-03-25,31.219,-0.030000000000001137,31.226795551537347
2018-04-01,31.220999999999997,0.001999999999995339,31.217424630970974
2018-04-08,31.219,-0.001999999999995339,31.22172253074188
2018-04-15,31.213,-0.006000000000000227,31.218449815630006
2018-04-22,31.202999999999996,-0.010000000000005116,31.21189867051532
2018-04-29,31.496,0.2930000000000028,31.201201706465252
2018-05-06,31.629,0.13300000000000267,31.55557450210159
2018-05-13,31.925,0.2959999999999994,31.643838238805287
2018-05-20,32.005,0.08000000000000185,31.981818754723243
2018-05-27,32.088,0.08299999999999841,32.009684596809905
2018-06-03,32.019,-0.06900000000000261,32.10382641845037
2018-06-10,31.973000000000003,-0.04599999999999582,32.001857798857486
2018-06-17,32.102999999999994,0.1299999999999919,31.96716825322132
2018-06-24,32.751,0.6480000000000032,32.130449645609886
2018-07-01,33.016,0.26500000000000057,32.87640431611216
2018-07-08,33.13,0.11400000000000432,33.04421028325311
2018-07-15,33.178000000000004,0.04800000000000182,33.1473368698962
2018-07-22,33.332,0.15399999999999636,33.184196578300735
2018-07-29,33.355000000000004,0.02300000000000324,33.36186894920953
2018-08-05,33.254,-0.1010000000000062,33.35361188399631
2018-08-12,33.261,0.007000000000005002,33.23386986857581
2018-08-19,33.283,0.021999999999998465,33.26648260999807
2018-08-26,32.868,-0.41499999999999915,33.28633792734546
2018-09-02,32.641000000000005,-0.22699999999999676,32.78345991181635
2018-09-09,32.757999999999996,0.11699999999999022,32.61221089741012
2018-09-16,32.743,-0.014999999999993463,32.78746188424121
2018-09-23,32.516000000000005,-0.22699999999999676,32.73401489162502
2018-09-30,32.414,-0.10200000000000387,32.4719423208881
2018-10-07,32.427,0.012999999999998124,32.40229068894487
2018-10-14,32.874,0.44700000000000273,32.43199339696215
2018-10-21,32.598,-0.27600000000000335,32.96332318768152
2018-10-28,32.809999999999995,0.2119999999999962,32.524173429461435
2018-11-04,33.108000000000004,0.2980000000000089,32.86776144570942
2018-11-11,32.9,-0.2080000000000055,33.156548762226066
2018-11-18,33.021,0.12100000000000222,32.84815517894918
2018-11-25,32.92999999999999,-0.09100000000000819,33.05592945644791
2018-12-02,32.994,0.06400000000000716,32.90455146507852
2018-12-09,32.824,-0.1700000000000017,33.012076264512146
2018-12-16,32.823,-0.0009999999999976694,32.78599248753752
2018-12-23,32.75,-0.0730000000000004,32.830478686876155
2018-12-30,32.571,-0.17900000000000205,32.73373641297937
2019-01-06,32.29,-0.2809999999999988,32.53811330767624
2019-01-13,31.968,-0.3219999999999992,32.23985986318863
2019-01-20,31.839,-0.12900000000000134,31.91306102529742
2019-01-27,31.75,-0.08899999999999864,31.82403333023294
2019-02-03,31.398000000000003,-0.35199999999999676,31.735038927007796
2019-02-10,31.266000000000002,-0.13200000000000145,31.32988927240864
2019-02-17,31.393,0.1269999999999989,31.253088895435113
2019-02-24,31.193,-0.1999999999999993,31.421274025242806
2019-03-03,31.381,0.18799999999999883,31.14686909729529
2019-03-10,31.821000000000005,0.44000000000000483,31.428314493540597
2019-03-17,31.689999999999998,-0.13100000000000733,31.900356102266834
2019-03-24,31.683,-0.006999999999997897,31.64749005224448
2019-03-31,31.735000000000003,0.052000000000003155,31.690176050552473
2019-04-07,31.735000000000003,0.0,31.74405827655427
2019-04-14,31.839,0.10399999999999565,31.73316945237658
2019-04-21,31.802,-0.036999999999999034,31.860386834049162
2019-04-28,31.966999999999995,0.1649999999999956,31.790200859217805
2019-05-05,31.949,-0.017999999999993577,32.00272856768537
2019-05-12,31.861,-0.08800000000000097,31.938142227961677
2019-05-19,31.585,-0.2759999999999998,31.84541066341762
2019-05-26,31.912,0.3269999999999982,31.532374744171573
2019-06-02,31.818,-0.09399999999999764,31.988716813147025
2019-06-09,31.368000000000002,-0.4499999999999993,31.783500583393284
2019-06-16,31.276999999999997,-0.09100000000000463,31.28403329828754
2019-06-23,31.177999999999997,-0.0990000000000002,31.275578671407526
2019-06-30,30.759000000000004,-0.4189999999999934,31.15828075164501
2019-07-07,30.647000000000002,-0.11200000000000188,30.678311093382582
2019-07-14,30.769,0.12199999999999633,30.64067247762476
2019-07-21,30.887,0.1180000000000021,30.794933149611445
2019-07-28,30.891000000000002,0.004000000000001336,30.905605388471535
2019-08-04,30.877,-0.014000000000002899,30.888048460709324
2019-08-11,30.781,-0.09600000000000009,30.874767264735983
2019-08-18,30.829,0.04800000000000182,30.762050982205174
2019-08-25,30.831,0.0019999999999988916,30.842529435172416
2019-09-01,30.633,-0.1980000000000004,30.828670066703324
2019-09-08,30.623,-0.00999999999999801,30.59345788915443
2019-09-15,30.593,-0.030000000000001137,30.62897003640541
2019-09-22,30.519,-0.07400000000000162,30.585730972137817
2019-09-29,30.551,0.03200000000000003,30.505514628723937
2019-10-06,30.602999999999998,0.0519999999999996,30.560191940408426
2019-10-13,30.419999999999998,-0.18299999999999983,30.611650894160626
2019-10-20,30.387,-0.0329999999999977,30.38127010621383
2019-10-27,30.287,-0.10000000000000142,30.388157929258387
2019-11-03,30.212,-0.07499999999999929,30.266557435028076
2019-11-10,30.275,0.06299999999999883,30.200974725773456
2019-11-17,30.301,0.0259999999999998,30.289959444988984
2019-11-24,30.213,-0.08799999999999741,30.303231137635905
2019-12-01,30.226999999999997,0.013999999999995794,30.194765582716695
2019-12-08,30.288,0.061000000000003496,30.233514112877522
2019-12-15,30.282999999999998,-0.005000000000002558,30.299010815422182
2019-12-22,30.225,-0.05799999999999628,30.279764444103183
2019-12-29,30.174,-0.05100000000000193,30.213932892211833
2020-01-05,30.042,-0.1319999999999979,30.16593013588216
2020-01-12,30.255000000000003,0.21300000000000097,30.01695549905654
2020-01-19,30.276999999999997,0.021999999999994913,30.303105375549123
2020-01-26,30.412,0.13500000000000156,30.271724478449766
2020-02-02,30.838,0.42600000000000193,30.44034766868286
2020-02-09,31.078999999999997,0.2409999999999961,30.91835982625172
2020-02-16,31.233999999999998,0.15500000000000114,31.11146307247514
2020-02-23,31.252,0.018000000000000682,31.25876295353959
2020-03-01,31.724,0.4720000000000013,31.250633304199198
2020-03-08,31.468,-0.2560000000000002,31.819660612127947
2020-03-15,31.516000000000002,0.04800000000000182,31.39693443979928
2020-03-22,32.272000000000006,0.7560000000000038,31.540061440048905
2020-03-29,32.734,0.4619999999999962,32.41991427302785
2020-04-05,32.802,0.06799999999999784,32.79747221545018
2020-04-12,32.8,-0.0020000000000024443,32.80291500024286
2020-04-19,32.686,-0.11399999999999721,32.79941092030753
2020-04-26,32.446000000000005,-0.23999999999999488,32.663081281478284
2020-05-03,32.45,0.003999999999997783,32.402130990093
2020-05-10,32.414,-0.036000000000001364,32.45967363954897
2020-05-17,32.136,-0.2779999999999987,32.40477001327697
2020-05-24,31.936,-0.20000000000000284,32.08168543959728
2020-05-31,31.907999999999998,-0.028000000000002245,31.90655906456108
2020-06-07,31.636000000000003,-0.2719999999999949,31.908291192361748
2020-06-14,31.288,-0.34800000000000253,31.58097385986501
2020-06-21,31.072000000000003,-0.21599999999999753,31.22879418974594
2020-06-28,30.932,-0.14000000000000412,31.04031414566708
2020-07-05,30.965999999999998,0.03399999999999892,30.910111266448308
2020-07-12,31.182,0.21600000000000108,30.97729431054199
2020-07-19,31.502,0.3200000000000003,31.22336808046138
2020-07-26,31.683999999999997,0.1819999999999986,31.558307510050653
2020-08-02,31.48,-0.20399999999999707,31.709400647394716
2020-08-09,31.125999999999998,-0.35400000000000276,31.433641423135608
2020-08-16,31.119999999999997,-0.006000000000000227,31.06383008582114
2020-08-23,31.224,0.10400000000000276,31.131351133109252
2020-08-30,31.418,0.19399999999999906,31.242723005649427
2020-09-06,31.215999999999998,-0.20200000000000173,31.45342096374811
2020-09-13,31.354000000000003,0.13800000000000523,31.168020632364662
2020-09-20,31.218,-0.13600000000000279,31.39158375971311
2020-09-27,31.393,0.1750000000000007,31.18292121465889
2020-10-04,31.621,0.22799999999999798,31.435453905986837
2020-10-11,31.315999999999995,-0.30500000000000327,31.65849620133546
2020-10-18,31.167,-0.1489999999999938,31.246786435628255
2020-10-25,31.222,0.054999999999999716,31.150876307016503
2020-11-01,31.262,0.03999999999999915,31.2363730770837
2020-11-08,31.012,-0.25,31.267178833143262
2020-11-15,30.424,-0.588000000000001,30.960432021945937
2020-11-22,30.242,-0.1819999999999986,30.31559479101594
2020-11-29,30.314,0.07199999999999918,30.22712754948655
2020-12-06,30.254,-0.05999999999999872,30.331555674843397
2020-12-13,30.107999999999997,-0.14600000000000435,30.23832711173953
2020-12-20,30.01,-0.09799999999999542,30.081662762090218
2020-12-27,30.071999999999996,0.06199999999999406,29.99551798479035
2021-01-03,30.044,-0.02799999999999514,30.087455917065213
2021-01-10,29.96,-0.08399999999999963,30.03521818314656
2021-01-17,30.064,0.1039999999999992,29.944799485247312
2021-01-24,30.016,-0.04800000000000182,30.088088712426035
2021-01-31,29.988,-0.027999999999998693,30.00143190634372
2021-02-07,29.998,0.010000000000001563,29.985285604597273
2021-02-14,29.954,-0.04400000000000048,30.000569396744325
2021-02-21,29.95,-0.004000000000001336,29.944588993610008
2021-02-28,30.058,0.10800000000000054,29.951093486694536
2021-03-07,30.338,0.28000000000000114,30.079604271263666
2021-03-14,30.660000000000004,0.32200000000000273,30.390218066461877
2021-03-21,30.761000000000003,0.10099999999999909,30.7145190549573
2021-03-28,30.97,0.20899999999999608,30.77039313157118
2021-04-04,31.22,0.25,31.01033768194558
2021-04-11,31.348000000000003,0.12800000000000367,31.262369743928268
2021-04-18,31.394,0.04599999999999582,31.36530464518345
2021-04-25,31.286,-0.10799999999999699,31.39979891917055
2021-05-02,31.348000000000003,0.062000000000001165,31.263002872479365
2021-05-09,31.168,-0.18000000000000327,31.365176698994397
2021-05-16,31.201999999999998,0.03399999999999892,31.128153420402203
2021-05-23,31.412,0.21000000000000085,31.2169233333704
2021-05-30,31.324,-0.08799999999999741,31.451422193211325
2021-06-06,31.189999999999998,-0.1340000000000039,31.298249804412922
2021-06-13,31.169999999999998,-0.019999999999999574,31.16812426889189
2021-06-20,31.206,0.036000000000001364,31.170379058323242
2021-06-27,31.706,0.5,31.21319848083019
2021-07-04,31.984,0.27800000000000225,31.80558811086533
2021-07-11,32.279999999999994,0.29599999999999227,32.02005448096988
2021-07-18,32.629000000000005,0.34900000000001086,32.332531256826734
2021-07-25,32.842,0.21299999999999386,32.68891207598748
2021-08-01,32.903,0.06099999999999994,32.87293687124663
2021-08-08,33.051,0.14800000000000324,32.909075326643254
2021-08-15,33.321999999999996,0.2709999999999937,33.07968093858272
2021-08-22,33.351,0.029000000000003467,33.37096920284227
2021-08-29,33.011,-0.3399999999999963,33.346964510844245
2021-09-05,32.408,-0.6030000000000015,32.94310639648771
2021-09-12,32.616,0.2079999999999984,32.299862680886335
2021-09-19,32.907,0.2909999999999968,32.67988681276307
2021-09-26,33.384,0.47700000000000387,32.95289631401224
2021-10-03,33.701,0.31700000000000017,33.471119864701166
2021-10-10,33.763,0.06199999999999761,33.74745547448483
2021-10-17,33.451,-0.3119999999999976,33.76614132540208
2021-10-24,33.403999999999996,-0.04700000000000415,33.38731446326452
2021-10-31,33.219,-0.18499999999999517,33.40737190738587
2021-11-07,33.306,0.08699999999999619,33.180932742357896
2021-11-14,32.912,-0.39399999999999835,33.33127429692316
2021-11-21,32.686,-0.2259999999999991,32.82727068497007
2021-11-28,33.14,0.4540000000000006,32.65745122307958
2021-12-05,33.757999999999996,0.617999999999995,33.23751617887631
2021-12-12,33.694,-0.06399999999999295,33.8631823065988
2021-12-19,33.446000000000005,-0.24799999999999756,33.65981068513263
2021-12-26,33.55800000000001,0.11200000000000188,33.402791930651816
2022-01-02,33.476,-0.08200000000000784,33.589365322175716
2022-01-09,33.302,-0.1739999999999995,33.45309049620598
2022-01-16,33.43,0.1280000000000001,33.27146678023191
2022-01-23,33.04,-0.39000000000000057,33.46203728732959
2022-01-30,33.077,0.036999999999999034,32.95471232428283
2022-02-06,33.222,0.14500000000000313,33.10171258332827
2022-02-13,32.866,-0.35600000000000165,33.246308359697004
2022-02-20,32.373000000000005,-0.492999999999995,32.78914514136985
2022-02-27,32.345000000000006,-0.027999999999998693,32.288903042375715
2022-03-06,32.641000000000005,0.2959999999999994,32.35633638963717
2022-03-13,33.018,0.37699999999999534,32.69852642815692
2022-03-20,33.38,0.3620000000000019,33.08256102153429
2022-03-27,33.489999999999995,0.10999999999999233,33.44010814660843
2022-04-03,33.494,0.0040000000000048885,33.500082427171094
2022-04-10,33.512,0.018000000000000682,33.49277082880656
2022-04-17,33.596000000000004,0.08400000000000318,33.51588593938567
2022-04-24,33.762,0.16599999999999682,33.61218990128881
2022-05-01,34.242000000000004,0.480000000000004,33.792274469819674
2022-05-08,34.291999999999994,0.04999999999999005,34.3328830720206
2022-05-15,34.585,0.29300000000000637,34.28373811818648
2022-05-22,34.617000000000004,0.03200000000000358,34.64588070048178
2022-05-29,34.236000000000004,-0.3810000000000002,34.611163625131894
2022-06-05,34.230000000000004,-0.006000000000000227,34.16018481835199
2022-06-12,34.444,0.21399999999999864,34.24410864573178
2022-06-19,34.902,0.4579999999999984,34.484395172448785
2022-06-26,35.364,0.4619999999999962,34.98639193924185
2022-07-03,35.312,-0.0519999999999996,35.440309166988314
2022-07-10,35.9,0.588000000000001,35.28607055974868
2022-07-17,36.22,0.3200000000000003,36.024066324434706
2022-07-24,36.676,0.45600000000000307,36.2595953824114
2022-07-31,36.653999999999996,-0.02200000000000557,36.76014939404227
2022-08-07,36.158,-0.4959999999999951,36.63254873166791
2022-08-14,35.463,-0.6950000000000003,36.06210051539622
2022-08-21,35.468,0.005000000000002558,35.34193038834932
2022-08-28,35.974000000000004,0.5060000000000002,35.49347685827546
2022-09-04,36.458,0.48399999999999466,36.071106827089416
2022-09-11,36.56,0.10200000000000387,36.53618555482898
2022-09-18,36.574,0.013999999999995794,36.56481255741639
2022-09-25,37.082,0.5080000000000027,36.57585665022325
2022-10-02,37.80800000000001,0.7260000000000062,37.184284303255055
2022-10-09,37.586,-0.2220000000000084,37.93404398635079
2022-10-16,37.928,0.34199999999999875,37.51566530793755
2022-10-23,38.178,0.25,38.01132692053367
2022-10-30,37.976,-0.20199999999999818,38.211682236094
2022-11-06,37.9,-0.07600000000000051,37.92837200425709
2022-11-13,36.968,-0.931999999999995,37.89426642533451
2022-11-20,35.766,-1.2020000000000053,36.780814855740616
2022-11-27,35.99400000000001,0.22800000000000864,35.56092048942638
2022-12-04,35.418,-0.5760000000000076,36.081519150479025
2022-12-11,34.892,-0.5259999999999962,35.28391230718912
2022-12-18,34.751999999999995,-0.14000000000000767,34.812800150203294
2022-12-25,34.796,0.044000000000004036,34.73971316267596
2023-01-01,34.69500000000001,-0.10099999999999199,34.80737476159799
2023-01-08,34.306,-0.38900000000001,34.672290674275246
2023-01-15,33.464999999999996,-0.8410000000000011,34.23197791431302
2023-01-22,32.96,-0.5049999999999955,33.31000477658725
2023-01-29,32.772000000000006,-0.18799999999999528,32.88926906038584
2023-02-05,32.862,0.0899999999999963,32.74830160676767
2023-02-12,33.565,0.7029999999999959,32.88497681267198
2023-02-19,34.009,0.4440000000000026,33.70242292167586
2023-02-26,34.552,0.5429999999999993,34.07095482537543
2023-03-05,34.946,0.39399999999999835,34.64921232244261
2023-03-12,34.827999999999996,-0.1180000000000021,35.00597652804691
2023-03-19,34.589999999999996,-0.23799999999999955,34.79203349925458
2023-03-26,34.174,-0.4159999999999968,34.549171930808626
2023-04-02,34.244,0.07000000000000028,34.09818313989398
2023-04-09,34.088,-0.1559999999999988,34.27346749363666
2023-04-16,34.189,0.10099999999999909,34.050519682672004
2023-04-23,34.368,0.17900000000000205,34.21698488368696
2023-04-30,34.29,-0.07800000000000296,34.398517986574106
2023-05-07,34.04,-0.25,34.26807007312796
2023-05-14,33.797000000000004,-0.242999999999995,33.99391031308914
2023-05-21,34.093,0.2959999999999994,33.757207253168616
2023-05-28,34.562,0.4689999999999941,34.16085889247167
2023-06-04,34.696,0.13400000000000034,34.643064857828506
2023-06-11,34.762,0.0660000000000025,34.7066974321348
2023-06-18,34.636,-0.12599999999999767,34.77317585487353
2023-06-25,34.846000000000004,0.21000000000000085,34.60827872944425
2023-07-02,35.376,0.529999999999994,34.89404005532904
2023-07-09,35.084,-0.2919999999999945,35.47339718433376
2023-07-16,34.848,-0.2360000000000042,35.005308420417606
2023-07-23,34.314,-0.5339999999999989,34.816210227032194
2023-07-30,34.425,0.1109999999999971,34.21251052437574
2023-08-06,34.387,-0.0379999999999967,34.467941071877846
2023-08-13,34.947,0.5600000000000023,34.37064297160993
2023-08-20,35.33,0.38299999999999557,35.06347347950148
2023-08-27,35.122,-0.2079999999999984,35.38386118272661
2023-09-03,35.092,-0.030000000000001137,35.069081615047295
2023-09-10,35.4,0.30799999999999983,35.09663147651283
2023-09-17,35.65,0.25,35.46130642251466
2023-09-24,35.944,0.29400000000000404,35.68813226255033
2023-10-01,36.362,0.41799999999999926,35.99570719572238
2023-10-08,36.891,0.5289999999999964,36.436022516129874
2023-10-15,36.682,-0.20899999999999608,36.98294441644826
2023-10-22,36.328,-0.3539999999999992,36.62118345471004
2023-10-29,36.302,-0.026000000000003354,36.268751833637346
2023-11-05,36.071,-0.23100000000000165,36.308718977009995
2023-11-12,35.575,-0.4959999999999951,36.02296040816362
2023-11-19,35.655,0.0799999999999983,35.48447363379352
2023-11-26,35.199,-0.45600000000000307,35.68946093001467
2023-12-03,35.071,-0.1280000000000001,35.099884888594296
2023-12-10,35.14,0.06900000000000261,35.065162778774486
2023-12-17,35.442,0.3019999999999996,35.155123527818695
2023-12-24,34.9,-0.5420000000000016,35.49997361575584
2023-12-31,34.478,-0.42199999999999704,34.77875394730352
2024-01-07,34.409,-0.06900000000000261,34.41722194578924
2024-01-14,34.94199999999999,0.5329999999999941,34.407338462815275
2024-01-21,35.305,0.36300000000000665,35.05004741943628
2024-01-28,35.664,0.35900000000000176,35.35652225565651
2024-02-04,35.469,-0.19500000000000028,35.726136837045246
2024-02-11,35.687,0.21799999999999642,35.41703633747241
2024-02-18,36.007999999999996,0.32099999999999795,35.74155577977661
2024-02-25,35.977999999999994,-0.030000000000001137,36.06184455102276
2024-03-03,35.910000000000004,-0.06799999999999073,35.96105622016592
2024-03-10,35.721000000000004,-0.18900000000000006,35.899682271023
2024-03-17,35.597,-0.12400000000000233,35.684890878732915
2024-03-24,35.97025,0.37324999999999875,35.57923851543711
