Date,Value
21/3/2024,36.0450
20/3/2024,36.0500
19/3/2024,35.9700
18/3/2024,35.9000
15/3/2024,35.7600
14/3/2024,35.6130
13/3/2024,35.7290
12/3/2024,35.3900
11/3/2024,35.3980
8/3/2024,35.4920
7/3/2024,35.5870
6/3/2024,35.7770
5/3/2024,35.7010
4/3/2024,35.7970
1/3/2024,35.8300
29/2/2024,35.9540
28/2/2024,35.8800
27/2/2024,35.9310
26/2/2024,35.9370
23/2/2024,35.9300
22/2/2024,35.8410
21/2/2024,35.9800
20/2/2024,36.1200
19/2/2024,35.9450
16/2/2024,36.0400
15/2/2024,36.0550
14/2/2024,36.0620
13/2/2024,35.8710
12/2/2024,35.8720
9/2/2024,35.8300
8/2/2024,35.4820
7/2/2024,35.5500
6/2/2024,35.7600
5/2/2024,35.5750
2/2/2024,35.2980
1/2/2024,35.5490
31/1/2024,35.3510
30/1/2024,35.4300
29/1/2024,35.6030
26/1/2024,35.7300
25/1/2024,35.7100
24/1/2024,35.6430
23/1/2024,35.5790
22/1/2024,35.5300
19/1/2024,35.5300
18/1/2024,35.5750
17/1/2024,35.3860
16/1/2024,34.9600
15/1/2024,34.9470
12/1/2024,34.9870
11/1/2024,35.0130
10/1/2024,34.9140
9/1/2024,34.9400
8/1/2024,34.6370
5/1/2024,34.4890
4/1/2024,34.4400
3/1/2024,34.2100
2/1/2024,34.3260
1/1/2024,34.4200
29/12/2023,34.2900
28/12/2023,34.1950
27/12/2023,34.4710
26/12/2023,34.5080
25/12/2023,34.3940
22/12/2023,34.6850
21/12/2023,34.9530
20/12/2023,34.8300
19/12/2023,34.9400
18/12/2023,34.9520
15/12/2023,34.8800
14/12/2023,35.0870
13/12/2023,35.6500
12/12/2023,35.6800
11/12/2023,35.4620
8/12/2023,35.1100
7/12/2023,35.1970
6/12/2023,35.2400
5/12/2023,35.2150
4/12/2023,34.7330
1/12/2023,35.2570
30/11/2023,34.8020
29/11/2023,34.6600
28/11/2023,34.9940
27/11/2023,35.3730
24/11/2023,35.2740
23/11/2023,35.2380
22/11/2023,35.1180
21/11/2023,35.1530
20/11/2023,35.1050
17/11/2023,35.1950
16/11/2023,35.5010
15/11/2023,35.4970
14/11/2023,35.9900
13/11/2023,36.0780
10/11/2023,35.7650
9/11/2023,35.5300
8/11/2023,35.4970
7/11/2023,35.4900
6/11/2023,35.5180
3/11/2023,35.9590
2/11/2023,36.0130
1/11/2023,36.1000
31/10/2023,35.9100
30/10/2023,36.0980
27/10/2023,36.2200
26/10/2023,36.2200
25/10/2023,36.1600
24/10/2023,36.2890
23/10/2023,36.5300
20/10/2023,36.3540
19/10/2023,36.3290
18/10/2023,36.3600
17/10/2023,36.2940
16/10/2023,36.1850
13/10/2023,36.3990
12/10/2023,36.4200
11/10/2023,36.5630
10/10/2023,36.9100
9/10/2023,36.9400
6/10/2023,36.9350
5/10/2023,36.9160
4/10/2023,37.0900
3/10/2023,37.0240
2/10/2023,36.6740
29/9/2023,36.5660
28/9/2023,36.6700
27/9/2023,36.3970
26/9/2023,36.1440
25/9/2023,35.9700
22/9/2023,36.1200
21/9/2023,36.2300
20/9/2023,36.0090
19/9/2023,35.6650
18/9/2023,35.7100
15/9/2023,35.7800
14/9/2023,35.7400
13/9/2023,35.5900
12/9/2023,35.5000
11/9/2023,35.5000
8/9/2023,35.6320
7/9/2023,35.5510
6/9/2023,35.4450
5/9/2023,35.2610
4/9/2023,35.1000
1/9/2023,35.0020
31/8/2023,34.9950
30/8/2023,35.0000
29/8/2023,35.2300
28/8/2023,35.0670
25/8/2023,34.9900
24/8/2023,34.9030
23/8/2023,35.0200
22/8/2023,35.1900
21/8/2023,35.3700
18/8/2023,35.4690
17/8/2023,35.4690
16/8/2023,35.4100
15/8/2023,35.2300
14/8/2023,35.0850
11/8/2023,35.1200
10/8/2023,35.0550
9/8/2023,35.0000
8/8/2023,34.8200
7/8/2023,34.6300
4/8/2023,34.5600
3/8/2023,34.4500
2/8/2023,34.2900
1/8/2023,34.2360
31/7/2023,34.2400
28/7/2023,34.4540
27/7/2023,34.2240
26/7/2023,34.3880
25/7/2023,34.5500
24/7/2023,34.4000
21/7/2023,34.1900
20/7/2023,33.9940
19/7/2023,34.0500
18/7/2023,34.5900
17/7/2023,34.6300
14/7/2023,34.5500
13/7/2023,34.6440
12/7/2023,34.7500
11/7/2023,35.0400
10/7/2023,35.1300
7/7/2023,35.1800
6/7/2023,34.9640
5/7/2023,34.8490
4/7/2023,35.0300
3/7/2023,35.3000
30/6/2023,35.6200
29/6/2023,35.5900
28/6/2023,35.2700
27/6/2023,35.2200
26/6/2023,35.2000
23/6/2023,35.1050
22/6/2023,34.7710
21/6/2023,34.8180
20/6/2023,34.7370
19/6/2023,34.6800
16/6/2023,34.5800
15/6/2023,34.6380
14/6/2023,34.6700
13/6/2023,34.6100
12/6/2023,34.5900
9/6/2023,34.6030
8/6/2023,34.8030
7/6/2023,34.7330
6/6/2023,34.7600
5/6/2023,34.8400
2/6/2023,34.5800
1/6/2023,34.6300
31/5/2023,34.7000
30/5/2023,34.7100
29/5/2023,34.7300
26/5/2023,34.7290
25/5/2023,34.6560
24/5/2023,34.6100
23/5/2023,34.4600
22/5/2023,34.2780
19/5/2023,34.4100
18/5/2023,34.2500
17/5/2023,34.0790
16/5/2023,33.7600
15/5/2023,33.8800
12/5/2023,33.7820
11/5/2023,33.6300
10/5/2023,33.6700
9/5/2023,33.8100
8/5/2023,33.8600
5/5/2023,33.7800
4/5/2023,33.8500
3/5/2023,34.0700
2/5/2023,34.1940
1/5/2023,34.1300
28/4/2023,34.0860
27/4/2023,34.1300
26/4/2023,34.3100
25/4/2023,34.2900
24/4/2023,34.3470
21/4/2023,34.3000
20/4/2023,34.4210
19/4/2023,34.2800
18/4/2023,34.4850
17/4/2023,34.3400
14/4/2023,34.0010
13/4/2023,34.1220
12/4/2023,34.2700
11/4/2023,34.3600
10/4/2023,34.1700
7/4/2023,34.1200
6/4/2023,33.9400
5/4/2023,34.0100
4/4/2023,34.2000
3/4/2023,34.2800
31/3/2023,34.1150
30/3/2023,34.1700
29/3/2023,34.2300
28/3/2023,34.4100
27/3/2023,34.1900
24/3/2023,34.0300
23/3/2023,34.2100
22/3/2023,34.4130
21/3/2023,34.0360
20/3/2023,34.0580
17/3/2023,34.4300
16/3/2023,34.5600
15/3/2023,34.5420
14/3/2023,34.5200
13/3/2023,34.5850
10/3/2023,35.0000
9/3/2023,35.0430
8/3/2023,35.0540
7/3/2023,34.4330
6/3/2023,34.5330
3/3/2023,34.8200
2/3/2023,34.6880
1/3/2023,35.2110
28/2/2023,34.9900
27/2/2023,34.9390
24/2/2023,34.7120
23/2/2023,34.6500
22/2/2023,34.6500
21/2/2023,34.3860
20/2/2023,34.4170
17/2/2023,34.4000
16/2/2023,34.2590
15/2/2023,33.8500
14/2/2023,33.7900
13/2/2023,33.3280
10/2/2023,33.5600
9/2/2023,33.4850
8/2/2023,33.5060
7/2/2023,33.7500
6/2/2023,33.5310
3/2/2023,33.0500
2/2/2023,32.7220
1/2/2023,32.8650
31/1/2023,32.7600
30/1/2023,32.7650
27/1/2023,32.7800
26/1/2023,32.7310
25/1/2023,32.7700
24/1/2023,32.7100
23/1/2023,32.7130
20/1/2023,32.8800
19/1/2023,33.0000
18/1/2023,33.0000
17/1/2023,33.0200
16/1/2023,32.8760
13/1/2023,33.1020
12/1/2023,33.3620
11/1/2023,33.4500
10/1/2023,33.4170
9/1/2023,33.6280
6/1/2023,34.0400
5/1/2023,33.8880
4/1/2023,34.3800
3/1/2023,34.4900
2/1/2023,34.4430
30/12/2022,34.5800
29/12/2022,34.7000
28/12/2022,34.6200
27/12/2022,34.6600
26/12/2022,34.6090
23/12/2022,34.8300
22/12/2022,34.6500
21/12/2022,34.6600
20/12/2022,34.8400
19/12/2022,34.8200
16/12/2022,35.0840
15/12/2022,34.5200
14/12/2022,34.5900
13/12/2022,34.8400
12/12/2022,34.7080
9/12/2022,34.7300
8/12/2022,34.9000
7/12/2022,35.0370
6/12/2022,35.0400
5/12/2022,34.6700
2/12/2022,34.7900
1/12/2022,35.0700
30/11/2022,35.4170
29/11/2022,35.7840
28/11/2022,35.9560
25/11/2022,35.7800
24/11/2022,35.9800
23/11/2022,36.0900
22/11/2022,36.2900
21/11/2022,35.7550
18/11/2022,35.8400
17/11/2022,35.8020
16/11/2022,35.5430
15/11/2022,35.6840
14/11/2022,36.0180
11/11/2022,36.1600
10/11/2022,36.8600
9/11/2022,36.9100
8/11/2022,37.3000
7/11/2022,37.4330
4/11/2022,38.0120
3/11/2022,37.8330
2/11/2022,37.7070
1/11/2022,38.0600
31/10/2022,37.8680
28/10/2022,37.7900
27/10/2022,37.7000
26/10/2022,37.9500
25/10/2022,38.2100
24/10/2022,38.0500
21/10/2022,38.2000
20/10/2022,38.3000
19/10/2022,38.0700
18/10/2022,38.0800
17/10/2022,38.2800
14/10/2022,38.0200
13/10/2022,37.8900
12/10/2022,38.0900
11/10/2022,37.9900
10/10/2022,37.5900
7/10/2022,37.3280
6/10/2022,37.4400
5/10/2022,37.4060
4/10/2022,37.7960
3/10/2022,37.8230
30/9/2022,37.8620
29/9/2022,37.9100
28/9/2022,37.9700
27/9/2022,37.9490
26/9/2022,37.5800
23/9/2022,37.3700
22/9/2022,37.2100
21/9/2022,36.9800
20/9/2022,36.9000
19/9/2022,36.8000
16/9/2022,36.9400
15/9/2022,36.6300
14/9/2022,36.6000
13/9/2022,36.2680
12/9/2022,36.3700
9/9/2022,36.4100
8/9/2022,36.5200
7/9/2022,36.6880
6/9/2022,36.5400
5/9/2022,36.7300
2/9/2022,36.7680
1/9/2022,36.6220
31/8/2022,36.4390
30/8/2022,36.3200
29/8/2022,36.2900
26/8/2022,35.8100
25/8/2022,36.0570
24/8/2022,36.0450
23/8/2022,36.1200
22/8/2022,35.7850
19/8/2022,35.6300
18/8/2022,35.4800
17/8/2022,35.3730
16/8/2022,35.5390
15/8/2022,35.3000
12/8/2022,35.2000
11/8/2022,35.3200
10/8/2022,35.3300
9/8/2022,35.5300
8/8/2022,35.7500
5/8/2022,35.8200
4/8/2022,36.2400
3/8/2022,36.2030
2/8/2022,36.1030
1/8/2022,36.2930
29/7/2022,36.3850
28/7/2022,36.6370
27/7/2022,36.6980
26/7/2022,36.6560
25/7/2022,36.6390
22/7/2022,36.7520
21/7/2022,36.6650
20/7/2022,36.5730
19/7/2022,36.6900
18/7/2022,36.5600
15/7/2022,36.5300
14/7/2022,36.2320
13/7/2022,36.1960
12/7/2022,36.2320
11/7/2022,35.8600
8/7/2022,36.0710
7/7/2022,36.1550
6/7/2022,35.9680
5/7/2022,35.7030
4/7/2022,35.5800
1/7/2022,35.3240
30/6/2022,35.0780
29/6/2022,35.1600
28/6/2022,35.3590
27/6/2022,35.4500
24/6/2022,35.4840
23/6/2022,35.3500
22/6/2022,35.2850
21/6/2022,35.3300
20/6/2022,35.2210
17/6/2022,35.0060
16/6/2022,34.8360
15/6/2022,35.0300
14/6/2022,34.8430
13/6/2022,34.8010
10/6/2022,34.5540
9/6/2022,34.4890
8/6/2022,34.4060
7/6/2022,34.4300
6/6/2022,34.3400
3/6/2022,34.2370
2/6/2022,34.3630
1/6/2022,34.2320
31/5/2022,34.0880
30/5/2022,34.0770
27/5/2022,34.2170
26/5/2022,34.2400
25/5/2022,34.0940
24/5/2022,34.1350
23/5/2022,34.3210
20/5/2022,34.3770
19/5/2022,34.5730
18/5/2022,34.4780
17/5/2022,34.6980
16/5/2022,34.6490
13/5/2022,34.7310
12/5/2022,34.6270
11/5/2022,34.6480
10/5/2022,34.5900
9/5/2022,34.3610
6/5/2022,34.3000
5/5/2022,34.0500
4/5/2022,34.3170
3/5/2022,34.4620
2/5/2022,34.1890
29/4/2022,34.4340
28/4/2022,34.3490
27/4/2022,34.2350
26/4/2022,34.0610
25/4/2022,33.9460
22/4/2022,33.8940
21/4/2022,33.7810
20/4/2022,33.7730
19/4/2022,33.6830
18/4/2022,33.5980
15/4/2022,33.6590
14/4/2022,33.4550
13/4/2022,33.5470
12/4/2022,33.6300
11/4/2022,33.5430
8/4/2022,33.4870
7/4/2022,33.5710
6/4/2022,33.5470
5/4/2022,33.4390
4/4/2022,33.4800
1/4/2022,33.2380
31/3/2022,33.3190
30/3/2022,33.4930
29/3/2022,33.7840
28/3/2022,33.6350
25/3/2022,33.5210
24/3/2022,33.6260
23/3/2022,33.4820
22/3/2022,33.5820
21/3/2022,33.3100
18/3/2022,33.2190
17/3/2022,33.3420
16/3/2022,33.5100
15/3/2022,33.3960
14/3/2022,33.2620
11/3/2022,33.1220
10/3/2022,32.9730
9/3/2022,33.1920
8/3/2022,33.0080
7/3/2022,32.6990
4/3/2022,32.5570
3/3/2022,32.4750
2/3/2022,32.7260
1/3/2022,32.6480
28/2/2022,32.6780
25/2/2022,32.4970
24/2/2022,32.2710
23/2/2022,32.4160
22/2/2022,32.2580
21/2/2022,32.1320
18/2/2022,32.1030
17/2/2022,32.3000
16/2/2022,32.3450
15/2/2022,32.4270
14/2/2022,32.6800
11/2/2022,32.7040
10/2/2022,32.7080
9/2/2022,32.8570
8/2/2022,32.9700
7/2/2022,32.9300
4/2/2022,33.0730
3/2/2022,33.1150
2/2/2022,33.1790
1/2/2022,33.1940
31/1/2022,33.3980
28/1/2022,33.2840
27/1/2022,33.1050
26/1/2022,33.0020
25/1/2022,32.9930
24/1/2022,32.9350
21/1/2022,32.9130
20/1/2022,32.9100
19/1/2022,33.0950
18/1/2022,33.0850
17/1/2022,33.1630
14/1/2022,33.2000
13/1/2022,33.2510
12/1/2022,33.3020
11/1/2022,33.6180
10/1/2022,33.5860
7/1/2022,33.5530
6/1/2022,33.2480
5/1/2022,33.2410
4/1/2022,33.2430
3/1/2022,33.1110
31/12/2021,33.3250
30/12/2021,33.4450
29/12/2021,33.5070
28/12/2021,33.5110
27/12/2021,33.3770
24/12/2021,33.5120
23/12/2021,33.5580
22/12/2021,33.6280
21/12/2021,33.6100
20/12/2021,33.2780
17/12/2021,33.4000
16/12/2021,33.3960
15/12/2021,33.4200
14/12/2021,33.4140
13/12/2021,33.1580
10/12/2021,33.5800
9/12/2021,33.4400
8/12/2021,33.6100
7/12/2021,33.8300
6/12/2021,33.7800
3/12/2021,33.8530
2/12/2021,33.7300
1/12/2021,33.6700
30/11/2021,33.6650
29/11/2021,33.5640
26/11/2021,33.4100
25/11/2021,33.3700
24/11/2021,33.1280
23/11/2021,33.0200
22/11/2021,32.8000
19/11/2021,32.5800
18/11/2021,32.6210
17/11/2021,32.7370
16/11/2021,32.7400
15/11/2021,32.7160
12/11/2021,32.8300
11/11/2021,32.8370
10/11/2021,32.7500
9/11/2021,32.9070
8/11/2021,33.1370
5/11/2021,33.3300
4/11/2021,33.2500
3/11/2021,33.2600
2/11/2021,33.3000
1/11/2021,33.1480
29/10/2021,33.1900
28/10/2021,33.2920
27/10/2021,33.1840
26/10/2021,33.0390
25/10/2021,33.2900
22/10/2021,33.3800
21/10/2021,33.3500
20/10/2021,33.3600
19/10/2021,33.4500
18/10/2021,33.4300
15/10/2021,33.1700
14/10/2021,33.1700
13/10/2021,33.3200
12/10/2021,33.6570
11/10/2021,33.9000
8/10/2021,33.7900
7/10/2021,33.8000
6/10/2021,33.8100
5/10/2021,33.7800
4/10/2021,33.6200
1/10/2021,33.6800
30/9/2021,33.9360
29/9/2021,33.8400
28/9/2021,33.5800
27/9/2021,33.4000
24/9/2021,33.3900
23/9/2021,33.4270
22/9/2021,33.3900
21/9/2021,33.3400
20/9/2021,33.3090
17/9/2021,33.1180
16/9/2021,32.8500
15/9/2021,32.8900
14/9/2021,32.8600
13/9/2021,32.7100
10/9/2021,32.7000
9/9/2021,32.7500
8/9/2021,32.6600
7/9/2021,32.4700
6/9/2021,32.4600
3/9/2021,32.4410
2/9/2021,32.2800
1/9/2021,32.1700
31/8/2021,32.4690
30/8/2021,32.5200
27/8/2021,32.7400
26/8/2021,32.7350
25/8/2021,32.8770
24/8/2021,33.2400
23/8/2021,33.3000
20/8/2021,33.3530
19/8/2021,33.3050
18/8/2021,33.3400
17/8/2021,33.3900
16/8/2021,33.3100
13/8/2021,33.0700
12/8/2021,33.0980
11/8/2021,33.4500
10/8/2021,33.4600
9/8/2021,33.4200
6/8/2021,33.2550
5/8/2021,33.1400
4/8/2021,33.0100
3/8/2021,32.9320
2/8/2021,32.9200
30/7/2021,32.8400
29/7/2021,32.8100
28/7/2021,32.9270
27/7/2021,32.8800
26/7/2021,32.9400
23/7/2021,32.8790
22/7/2021,32.8500
21/7/2021,32.8200
20/7/2021,32.8400
19/7/2021,32.8100
16/7/2021,32.6980
15/7/2021,32.6030
14/7/2021,32.6600
13/7/2021,32.6600
12/7/2021,32.5100
9/7/2021,32.5300
8/7/2021,32.3400
7/7/2021,32.2890
6/7/2021,32.0900
5/7/2021,32.1360
2/7/2021,32.0780
1/7/2021,31.9820
30/6/2021,32.1240
29/6/2021,31.9000
28/6/2021,31.7940
25/6/2021,31.8990
24/6/2021,31.8200
23/6/2021,31.6900
22/6/2021,31.6150
21/6/2021,31.4700
18/6/2021,31.4000
17/6/2021,31.2990
16/6/2021,31.1600
15/6/2021,31.1080
14/6/2021,31.0600
11/6/2021,31.1200
10/6/2021,31.1500
9/6/2021,31.2040
8/6/2021,31.1700
7/6/2021,31.1400
4/6/2021,31.2100
3/6/2021,31.1100
2/6/2021,31.1660
1/6/2021,31.1700
31/5/2021,31.2500
28/5/2021,31.2800
27/5/2021,31.2600
26/5/2021,31.3400
25/5/2021,31.3200
24/5/2021,31.3600
21/5/2021,31.3600
20/5/2021,31.4300
19/5/2021,31.3800
18/5/2021,31.4700
17/5/2021,31.3200
14/5/2021,31.3400
13/5/2021,31.2800
12/5/2021,31.1600
11/5/2021,31.0850
10/5/2021,31.0300
7/5/2021,31.1990
6/5/2021,31.1300
5/5/2021,31.1600
4/5/2021,31.1200
3/5/2021,31.1600
30/4/2021,31.1700
29/4/2021,31.3240
28/4/2021,31.3390
27/4/2021,31.4200
26/4/2021,31.3920
23/4/2021,31.3900
22/4/2021,31.3100
21/4/2021,31.2700
20/4/2021,31.2000
19/4/2021,31.1890
16/4/2021,31.1480
15/4/2021,31.3120
14/4/2021,31.4620
13/4/2021,31.4880
12/4/2021,31.4670
9/4/2021,31.3950
8/4/2021,31.3610
7/4/2021,31.2810
6/4/2021,31.3320
5/4/2021,31.2800
2/4/2021,31.1900
1/4/2021,31.2350
31/3/2021,31.2830
30/3/2021,31.1900
29/3/2021,31.1400
26/3/2021,31.1500
25/3/2021,31.0200
24/3/2021,31.0100
23/3/2021,30.8700
22/3/2021,30.8310
19/3/2021,30.8710
18/3/2021,30.6700
17/3/2021,30.7400
16/3/2021,30.7200
15/3/2021,30.7090
12/3/2021,30.5400
11/3/2021,30.6890
10/3/2021,30.7250
9/3/2021,30.8040
8/3/2021,30.4640
5/3/2021,30.4300
4/3/2021,30.3500
3/3/2021,30.2480
2/3/2021,30.2000
1/3/2021,30.3450
26/2/2021,30.2650
25/2/2021,30.0370
24/2/2021,30.0130
23/2/2021,29.9760
22/2/2021,29.9490
19/2/2021,29.9900
18/2/2021,29.9910
17/2/2021,29.9500
16/2/2021,29.8900
15/2/2021,29.8700
12/2/2021,29.8600
11/2/2021,29.8800
10/2/2021,29.9000
9/2/2021,29.9700
8/2/2021,30.0270
5/2/2021,30.0600
4/2/2021,29.9790
3/2/2021,29.9930
2/2/2021,29.9800
1/2/2021,29.9100
29/1/2021,29.9450
28/1/2021,30.0000
27/1/2021,29.9500
26/1/2021,29.9800
25/1/2021,29.9780
22/1/2021,29.9300
21/1/2021,29.9440
20/1/2021,29.9640
19/1/2021,30.1000
18/1/2021,30.0610
15/1/2021,29.9800
14/1/2021,29.9900
13/1/2021,30.0300
12/1/2021,30.1600
11/1/2021,30.1240
8/1/2021,30.0700
7/1/2021,29.9200
6/1/2021,29.9200
5/1/2021,29.9100
4/1/2021,29.9540
1/1/2021,29.9010
31/12/2020,29.9190
30/12/2020,30.0400
29/12/2020,30.1400
28/12/2020,30.0650
25/12/2020,30.0200
24/12/2020,30.1900
23/12/2020,30.2210
22/12/2020,30.0390
21/12/2020,29.9220
18/12/2020,29.7890
17/12/2020,29.9650
16/12/2020,30.0300
15/12/2020,30.0760
14/12/2020,30.0500
11/12/2020,30.0370
10/12/2020,30.0390
9/12/2020,30.0200
8/12/2020,30.1500
7/12/2020,30.1560
4/12/2020,30.1700
3/12/2020,30.1930
2/12/2020,30.2300
1/12/2020,30.2600
30/11/2020,30.2460
27/11/2020,30.2850
26/11/2020,30.2900
25/11/2020,30.3200
24/11/2020,30.3400
23/11/2020,30.2420
20/11/2020,30.3700
19/11/2020,30.3300
18/11/2020,30.1500
17/11/2020,30.1600
16/11/2020,30.0700
13/11/2020,30.2100
12/11/2020,30.2510
11/11/2020,30.3000
10/11/2020,30.5800
9/11/2020,30.5560
6/11/2020,30.7400
5/11/2020,31.0000
4/11/2020,31.0000
3/11/2020,31.1000
2/11/2020,31.1760
30/10/2020,31.2230
29/10/2020,31.2500
28/10/2020,31.2200
27/10/2020,31.2700
26/10/2020,31.2920
23/10/2020,31.2920
22/10/2020,31.1900
21/10/2020,31.2100
20/10/2020,31.2000
19/10/2020,31.1900
16/10/2020,31.2100
15/10/2020,31.2100
14/10/2020,31.2400
13/10/2020,31.1570
12/10/2020,31.0500
9/10/2020,31.1700
8/10/2020,31.1930
7/10/2020,31.2730
6/10/2020,31.2700
5/10/2020,31.5500
2/10/2020,31.5700
1/10/2020,31.6100
30/9/2020,31.5630
29/9/2020,31.6040
28/9/2020,31.5980
25/9/2020,31.5430
24/9/2020,31.5590
23/9/2020,31.3690
22/9/2020,31.3200
21/9/2020,31.0700
18/9/2020,31.1600
17/9/2020,31.1000
16/9/2020,31.2100
15/9/2020,31.2800
14/9/2020,31.3000
11/9/2020,31.2900
10/9/2020,31.2600
9/9/2020,31.3800
8/9/2020,31.3700
7/9/2020,31.3700
4/9/2020,31.4000
3/9/2020,31.3300
2/9/2020,31.1400
1/9/2020,31.0400
31/8/2020,31.0900
28/8/2020,31.2650
27/8/2020,31.2340
26/8/2020,31.4300
25/8/2020,31.5040
24/8/2020,31.5400
21/8/2020,31.4000
20/8/2020,31.3000
19/8/2020,31.1500
18/8/2020,31.1500
17/8/2020,31.0900
14/8/2020,31.0350
13/8/2020,31.0700
12/8/2020,31.1400
11/8/2020,31.1000
10/8/2020,31.2000
7/8/2020,31.0800
6/8/2020,31.0240
5/8/2020,31.0100
4/8/2020,31.2100
3/8/2020,31.2600
31/7/2020,31.3100
30/7/2020,31.4220
29/7/2020,31.4600
28/7/2020,31.4400
27/7/2020,31.6000
24/7/2020,31.7100
23/7/2020,31.6210
22/7/2020,31.5100
21/7/2020,31.7410
20/7/2020,31.6400
17/7/2020,31.7000
16/7/2020,31.5300
15/7/2020,31.5100
14/7/2020,31.3900
13/7/2020,31.3300
10/7/2020,31.2600
9/7/2020,31.1700
8/7/2020,31.2000
7/7/2020,31.0500
6/7/2020,31.1100
3/7/2020,31.0900
2/7/2020,31.0220
1/7/2020,30.8900
30/6/2020,30.8750
29/6/2020,30.9000
26/6/2020,30.8700
25/6/2020,30.8620
24/6/2020,30.8700
23/6/2020,30.9500
22/6/2020,31.0000
19/6/2020,31.0800
18/6/2020,31.1100
17/6/2020,31.0950
16/6/2020,30.9660
15/6/2020,31.0100
12/6/2020,31.0900
11/6/2020,31.1080
10/6/2020,31.3310
9/6/2020,31.3990
8/6/2020,31.4400
5/6/2020,31.5030
4/6/2020,31.5600
3/6/2020,31.5500
2/6/2020,31.6600
1/6/2020,31.4900
29/5/2020,31.8550
28/5/2020,31.9040
27/5/2020,31.8600
26/5/2020,31.9400
25/5/2020,31.8700
22/5/2020,31.8300
21/5/2020,31.8200
20/5/2020,31.9200
19/5/2020,32.0240
18/5/2020,32.0500
15/5/2020,32.0740
14/5/2020,32.0600
13/5/2020,32.1340
12/5/2020,32.1700
11/5/2020,32.2000
8/5/2020,32.3640
7/5/2020,32.4330
6/5/2020,32.3580
5/5/2020,32.3860
4/5/2020,32.4800
1/5/2020,32.4230
30/4/2020,32.4030
29/4/2020,32.4130
28/4/2020,32.4900
27/4/2020,32.4300
24/4/2020,32.3520
23/4/2020,32.3620
22/4/2020,32.5040
21/4/2020,32.4800
20/4/2020,32.4450
17/4/2020,32.6000
16/4/2020,32.6990
15/4/2020,32.6400
14/4/2020,32.7100
13/4/2020,32.6800
10/4/2020,32.6800
9/4/2020,32.7370
8/4/2020,32.7460
7/4/2020,32.7900
6/4/2020,32.9700
3/4/2020,32.9200
2/4/2020,33.0800
1/4/2020,32.6550
31/3/2020,32.6400
30/3/2020,32.5070
27/3/2020,32.6000
26/3/2020,32.7610
25/3/2020,32.7480
24/3/2020,32.7800
23/3/2020,32.7990
20/3/2020,32.5660
19/3/2020,32.4870
18/3/2020,32.1900
17/3/2020,32.1600
16/3/2020,31.6070
13/3/2020,31.7200
12/3/2020,31.5000
11/3/2020,31.4400
10/3/2020,31.4410
9/3/2020,31.3710
6/3/2020,31.5720
5/3/2020,31.3300
4/3/2020,31.4100
3/3/2020,31.4320
2/3/2020,31.4750
28/2/2020,31.6500
27/2/2020,31.8400
26/2/2020,31.7300
25/2/2020,31.6500
24/2/2020,31.6820
21/2/2020,31.4700
20/2/2020,31.2100
19/2/2020,31.1700
18/2/2020,31.1800
17/2/2020,31.1480
14/2/2020,31.1500
13/2/2020,31.1900
12/2/2020,31.1900
11/2/2020,31.2790
10/2/2020,31.3580
7/2/2020,31.1600
6/2/2020,30.9900
5/2/2020,30.9900
4/2/2020,31.0700
3/2/2020,31.1640
31/1/2020,31.1200
30/1/2020,30.9700
29/1/2020,30.7800
28/1/2020,30.7090
27/1/2020,30.6330
24/1/2020,30.5000
23/1/2020,30.3760
22/1/2020,30.3900
21/1/2020,30.3300
20/1/2020,30.3900
17/1/2020,30.3500
16/1/2020,30.2760
15/1/2020,30.2700
14/1/2020,30.2000
13/1/2020,30.2120
10/1/2020,30.2600
9/1/2020,30.3400
8/1/2020,30.2900
7/1/2020,30.1400
6/1/2020,30.1440
3/1/2020,30.1400
2/1/2020,30.0600
1/1/2020,29.6800
31/12/2019,29.9700
30/12/2019,30.1410
27/12/2019,30.1600
26/12/2019,30.1550
25/12/2019,30.1500
24/12/2019,30.1500
23/12/2019,30.1890
20/12/2019,30.2000
19/12/2019,30.2130
18/12/2019,30.2223
17/12/2019,30.2100
16/12/2019,30.1880
13/12/2019,30.1500
12/12/2019,30.2300
11/12/2019,30.2992
10/12/2019,30.3044
9/12/2019,30.3253
6/12/2019,30.3600
5/12/2019,30.2800
4/12/2019,30.2429
3/12/2019,30.2670
2/12/2019,30.1840
29/11/2019,30.2200
28/11/2019,30.2349
27/11/2019,30.1831
26/11/2019,30.1994
25/11/2019,30.2091
22/11/2019,30.2100
21/11/2019,30.1830
20/11/2019,30.1830
19/11/2019,30.1900
18/11/2019,30.2322
15/11/2019,30.2000
14/11/2019,30.2360
13/11/2019,30.3320
12/11/2019,30.3407
11/11/2019,30.3512
8/11/2019,30.4137
7/11/2019,30.2900
6/11/2019,30.2199
5/11/2019,30.2110
4/11/2019,30.1600
1/11/2019,30.1600
31/10/2019,30.1827
30/10/2019,30.2400
29/10/2019,30.2200
28/10/2019,30.1600
25/10/2019,30.2509
24/10/2019,30.2700
23/10/2019,30.2800
22/10/2019,30.2633
21/10/2019,30.3000
18/10/2019,30.3050
17/10/2019,30.3600
16/10/2019,30.4290
15/10/2019,30.3900
14/10/2019,30.3800
11/10/2019,30.4100
10/10/2019,30.3110
9/10/2019,30.3890
8/10/2019,30.4700
7/10/2019,30.4200
4/10/2019,30.5200
3/10/2019,30.5830
2/10/2019,30.6100
1/10/2019,30.6100
30/9/2019,30.5990
27/9/2019,30.6300
26/9/2019,30.5800
25/9/2019,30.5400
24/9/2019,30.4360
23/9/2019,30.4800
20/9/2019,30.5280
19/9/2019,30.5400
18/9/2019,30.5000
17/9/2019,30.5230
16/9/2019,30.4730
13/9/2019,30.4800
12/9/2019,30.5620
11/9/2019,30.6160
10/9/2019,30.6300
9/9/2019,30.6510
6/9/2019,30.6800
5/9/2019,30.5270
4/9/2019,30.5900
3/9/2019,30.6300
2/9/2019,30.6160
30/8/2019,30.6320
29/8/2019,30.6200
28/8/2019,30.5950
27/8/2019,30.6000
26/8/2019,30.6940
23/8/2019,30.7650
22/8/2019,30.7740
21/8/2019,30.7900
20/8/2019,30.8730
19/8/2019,30.8810
16/8/2019,30.8400
15/8/2019,30.8300
14/8/2019,30.7780
13/8/2019,30.8200
12/8/2019,30.7700
9/8/2019,30.7220
8/8/2019,30.7940
7/8/2019,30.7140
6/8/2019,30.8170
5/8/2019,30.7500
2/8/2019,30.9300
1/8/2019,30.6760
31/7/2019,30.7660
30/7/2019,30.8530
29/7/2019,30.8700
26/7/2019,30.9700
25/7/2019,30.9000
24/7/2019,30.9000
23/7/2019,30.8340
22/7/2019,30.8700
19/7/2019,30.8040
18/7/2019,30.8750
17/7/2019,30.9200
16/7/2019,30.8840
15/7/2019,30.9000
12/7/2019,30.7400
11/7/2019,30.6800
10/7/2019,30.8300
9/7/2019,30.8000
8/7/2019,30.7800
5/7/2019,30.6410
4/7/2019,30.6460
3/7/2019,30.6020
2/7/2019,30.6500
1/7/2019,30.6100
28/6/2019,30.7460
27/6/2019,30.7400
26/6/2019,30.7300
25/6/2019,30.6230
24/6/2019,30.7800
21/6/2019,30.8600
20/6/2019,31.1780
19/6/2019,31.2150
18/6/2019,31.3390
17/6/2019,31.2200
14/6/2019,31.2000
13/6/2019,31.2720
12/6/2019,31.2560
11/6/2019,31.3300
10/6/2019,31.2900
7/6/2019,31.3200
6/6/2019,31.3650
5/6/2019,31.3020
4/6/2019,31.3200
3/6/2019,31.5300
31/5/2019,31.7900
30/5/2019,31.8200
29/5/2019,31.8690
28/5/2019,31.7970
27/5/2019,31.8100
24/5/2019,31.8700
23/5/2019,31.9290
22/5/2019,null
21/5/2019,31.8500
20/5/2019,31.8050
17/5/2019,31.6310
16/5/2019,31.5300
15/5/2019,31.5000
14/5/2019,31.6460
13/5/2019,31.5900
10/5/2019,31.7800
9/5/2019,31.7800
8/5/2019,31.9130
7/5/2019,31.8790
6/5/2019,31.9900
3/5/2019,32.0100
2/5/2019,31.9490
1/5/2019,31.8950
30/4/2019,31.9000
29/4/2019,31.9300
26/4/2019,32.0540
25/4/2019,32.0450
24/4/2019,31.9700
23/4/2019,31.8900
22/4/2019,31.8200
19/4/2019,31.7900
18/4/2019,31.7800
17/4/2019,31.8080
16/4/2019,31.7670
15/4/2019,31.7500
12/4/2019,31.8490
11/4/2019,31.7400
10/4/2019,31.7600
9/4/2019,31.8660
8/4/2019,31.9070
5/4/2019,31.7610
4/4/2019,31.7300
3/4/2019,31.7570
2/4/2019,31.7080
1/4/2019,31.7200
29/3/2019,31.7910
28/3/2019,31.8700
27/3/2019,31.6300
26/3/2019,31.5090
25/3/2019,31.6800
22/3/2019,31.7300
21/3/2019,31.6400
20/3/2019,31.6700
19/3/2019,31.6400
18/3/2019,31.6750
15/3/2019,31.7700
14/3/2019,31.5720
13/3/2019,31.6430
12/3/2019,31.6530
11/3/2019,31.7200
8/3/2019,31.8600
7/3/2019,31.8050
6/3/2019,31.7400
5/3/2019,31.8400
4/3/2019,31.7590
1/3/2019,31.5400
28/2/2019,31.4290
27/2/2019,31.2610
26/2/2019,31.2600
25/2/2019,31.3100
22/2/2019,31.2070
21/2/2019,31.1000
20/2/2019,31.1230
19/2/2019,31.1960
18/2/2019,31.2520
15/2/2019,31.2900
14/2/2019,31.3500
13/2/2019,31.2610
12/2/2019,31.3830
11/2/2019,30.7780
8/2/2019,31.2600
7/2/2019,31.2070
6/2/2019,31.2140
5/2/2019,31.2950
4/2/2019,31.2740
1/2/2019,31.2350
31/1/2019,31.2350
30/1/2019,31.4480
29/1/2019,31.4940
28/1/2019,31.5180
25/1/2019,31.6560
24/1/2019,31.6770
23/1/2019,31.7530
22/1/2019,31.7980
21/1/2019,31.7500
18/1/2019,31.6850
17/1/2019,31.6390
16/1/2019,31.8900
15/1/2019,31.9100
14/1/2019,31.9310
11/1/2019,31.9100
10/1/2019,31.8880
9/1/2019,32.0120
8/1/2019,31.9270
7/1/2019,31.9300
4/1/2019,32.1760
3/1/2019,32.2700
2/1/2019,32.3330
1/1/2019,32.2120
31/12/2018,32.5240
28/12/2018,32.5240
27/12/2018,32.6800
26/12/2018,32.5360
25/12/2018,32.4700
24/12/2018,32.6300
21/12/2018,32.6280
20/12/2018,32.7360
19/12/2018,32.7240
18/12/2018,32.7630
17/12/2018,32.8150
14/12/2018,32.7400
13/12/2018,32.7300
12/12/2018,32.7870
11/12/2018,32.8640
10/12/2018,32.8400
7/12/2018,32.8120
6/12/2018,32.7400
5/12/2018,32.7700
4/12/2018,32.7370
3/12/2018,32.8400
30/11/2018,32.9100
29/11/2018,32.9300
28/11/2018,33.0400
27/11/2018,33.0080
26/11/2018,33.0560
23/11/2018,32.9500
22/11/2018,32.9000
21/11/2018,32.9620
20/11/2018,32.8830
19/11/2018,32.8340
16/11/2018,32.9400
15/11/2018,32.9150
14/11/2018,32.9300
13/11/2018,33.1520
12/11/2018,33.0800
9/11/2018,32.9860
8/11/2018,32.7890
7/11/2018,32.9100
6/11/2018,32.9300
5/11/2018,32.8300
2/11/2018,32.9100
1/11/2018,33.0910
31/10/2018,33.2700
30/10/2018,33.2450
29/10/2018,33.0410
26/10/2018,32.8870
25/10/2018,32.9400
24/10/2018,32.7800
23/10/2018,32.8100
22/10/2018,32.5900
19/10/2018,32.6370
18/10/2018,32.5180
17/10/2018,32.5070
16/10/2018,32.6250
15/10/2018,32.7300
12/10/2018,32.6900
11/10/2018,32.9600
10/10/2018,32.8700
9/10/2018,32.8800
8/10/2018,32.7880
5/10/2018,32.7300
4/10/2018,32.5220
3/10/2018,32.3260
2/10/2018,32.2600
1/10/2018,32.3110
28/9/2018,32.4400
27/9/2018,32.4400
26/9/2018,32.4000
25/9/2018,32.4150
24/9/2018,32.4300
21/9/2018,32.3160
20/9/2018,32.3910
19/9/2018,32.5390
18/9/2018,32.6600
17/9/2018,32.6460
14/9/2018,32.6000
13/9/2018,32.7100
12/9/2018,32.7930
11/9/2018,32.8000
10/9/2018,32.8260
7/9/2018,32.7860
6/9/2018,32.7570
5/9/2018,32.8000
4/9/2018,32.6700
3/9/2018,32.7900
31/8/2018,32.7700
30/8/2018,32.6600
29/8/2018,32.6100
28/8/2018,32.5110
27/8/2018,32.5740
24/8/2018,32.8600
23/8/2018,32.7100
22/8/2018,32.6520
21/8/2018,32.9150
20/8/2018,33.1720
17/8/2018,33.1800
16/8/2018,33.3200
15/8/2018,33.2900
14/8/2018,33.3700
13/8/2018,33.3000
10/8/2018,33.2360
9/8/2018,33.1800
8/8/2018,33.1790
7/8/2018,33.3400
6/8/2018,33.2400
3/8/2018,33.2900
2/8/2018,33.1490
1/8/2018,33.2000
31/7/2018,33.2590
30/7/2018,33.3900
27/7/2018,33.4140
26/7/2018,33.2000
25/7/2018,33.3320
24/7/2018,33.4030
23/7/2018,33.3000
20/7/2018,33.4080
19/7/2018,33.2780
18/7/2018,33.3160
17/7/2018,33.2560
16/7/2018,33.3130
13/7/2018,33.2200
12/7/2018,33.3400
11/7/2018,33.2200
10/7/2018,33.0740
9/7/2018,33.1300
6/7/2018,33.2100
5/7/2018,33.1400
4/7/2018,33.1500
3/7/2018,33.1600
2/7/2018,33.0320
29/6/2018,33.1500
28/6/2018,33.0100
27/6/2018,32.9850
26/6/2018,32.9200
25/6/2018,32.9090
22/6/2018,32.8750
21/6/2018,32.8200
20/6/2018,32.7200
19/6/2018,32.6700
18/6/2018,32.6900
15/6/2018,32.2100
14/6/2018,32.1100
13/6/2018,32.1000
12/6/2018,32.0220
11/6/2018,32.0500
8/6/2018,32.0140
7/6/2018,31.8900
6/6/2018,31.9240
5/6/2018,31.9900
4/6/2018,32.0150
1/6/2018,32.0700
31/5/2018,32.0300
30/5/2018,32.1000
29/5/2018,31.9800
28/5/2018,31.8910
25/5/2018,32.0000
24/5/2018,32.0720
23/5/2018,32.0100
22/5/2018,32.1480
21/5/2018,32.1500
18/5/2018,32.0770
17/5/2018,31.9800
16/5/2018,32.0940
15/5/2018,31.8950
14/5/2018,31.8900
11/5/2018,31.9440
10/5/2018,32.1730
9/5/2018,31.9500
8/5/2018,31.8300
7/5/2018,31.7420
4/5/2018,31.6070
3/5/2018,31.7700
2/5/2018,31.6900
1/5/2018,31.5380
30/4/2018,31.5060
27/4/2018,31.5800
26/4/2018,31.5200
25/4/2018,31.4170
24/4/2018,31.5450
23/4/2018,31.3360
20/4/2018,31.2310
19/4/2018,31.1900
18/4/2018,31.1900
17/4/2018,31.1900
16/4/2018,31.1720
13/4/2018,31.2040
12/4/2018,31.1270
11/4/2018,31.1970
10/4/2018,31.2480
9/4/2018,31.2900
6/4/2018,31.2750
5/4/2018,31.2130
4/4/2018,31.1800
3/4/2018,31.2230
2/4/2018,31.1640
30/3/2018,31.2220
29/3/2018,31.2780
28/3/2018,31.1790
27/3/2018,31.1190
26/3/2018,31.1900
23/3/2018,31.2700
22/3/2018,31.1350
21/3/2018,31.1940
20/3/2018,31.1970
19/3/2018,31.2100
16/3/2018,31.2050
15/3/2018,31.1440
14/3/2018,31.2200
13/3/2018,31.2700
12/3/2018,31.3000
9/3/2018,31.3530
8/3/2018,31.3070
7/3/2018,31.3500
6/3/2018,31.3900
5/3/2018,31.4290
2/3/2018,31.4600
1/3/2018,31.4730
28/2/2018,31.4700
27/2/2018,31.2740
26/2/2018,31.4120
23/2/2018,31.4600
22/2/2018,31.5440
21/2/2018,31.5010
20/2/2018,31.3530
19/2/2018,31.2660
16/2/2018,31.2600
15/2/2018,31.2940
14/2/2018,31.4480
13/2/2018,31.6000
12/2/2018,31.7100
9/2/2018,31.8880
8/2/2018,31.6500
7/2/2018,31.5070
6/2/2018,31.6080
5/2/2018,31.4600
2/2/2018,31.3000
1/2/2018,31.3200
31/1/2018,31.3970
30/1/2018,31.3970
29/1/2018,31.3300
26/1/2018,31.4760
25/1/2018,31.5460
24/1/2018,31.7580
23/1/2018,31.8400
22/1/2018,31.8390
19/1/2018,31.9000
18/1/2018,31.9800
17/1/2018,31.8840
16/1/2018,31.9020
15/1/2018,31.9100
12/1/2018,32.0010
11/1/2018,32.1180
10/1/2018,32.2570
9/1/2018,32.2140
8/1/2018,32.1520
5/1/2018,32.2270
4/1/2018,32.3220
3/1/2018,32.4100
2/1/2018,32.5310
1/1/2018,31.8550
29/12/2017,32.6660
28/12/2017,32.7800
27/12/2017,32.7610
26/12/2017,32.7000
25/12/2017,32.7220
22/12/2017,32.7100
21/12/2017,32.7100
20/12/2017,32.7000
19/12/2017,32.6300
18/12/2017,32.5210
15/12/2017,32.4820
14/12/2017,32.5100
13/12/2017,32.6030
12/12/2017,32.5970
11/12/2017,32.5950
8/12/2017,32.6200
7/12/2017,32.6100
6/12/2017,32.6000
5/12/2017,32.5800
4/12/2017,32.6300
1/12/2017,32.6500
30/11/2017,32.5700
29/11/2017,32.5650
28/11/2017,32.6160
27/11/2017,32.6900
24/11/2017,32.6310
23/11/2017,32.7000
22/11/2017,32.7480
21/11/2017,32.8060
20/11/2017,32.8200
17/11/2017,32.9090
16/11/2017,null
15/11/2017,33.0540
14/11/2017,33.0620
13/11/2017,33.1000
10/11/2017,33.0590
9/11/2017,33.1100
8/11/2017,33.1220
7/11/2017,33.1000
6/11/2017,33.1600
3/11/2017,33.0540
2/11/2017,33.1240
1/11/2017,33.1810
31/10/2017,33.2040
30/10/2017,33.2300
27/10/2017,33.2500
26/10/2017,33.1500
25/10/2017,33.1800
24/10/2017,33.1600
23/10/2017,33.2000
20/10/2017,33.1000
19/10/2017,33.1300
18/10/2017,33.0830
17/10/2017,33.0700
16/10/2017,33.0550
13/10/2017,33.0940
12/10/2017,33.1620
11/10/2017,33.2270
10/10/2017,33.3700
9/10/2017,33.4090
6/10/2017,33.3800
5/10/2017,33.3600
4/10/2017,33.3500
3/10/2017,33.4160
2/10/2017,33.3300
29/9/2017,33.3790
28/9/2017,33.2820
27/9/2017,33.2000
26/9/2017,33.1100
25/9/2017,33.0900
22/9/2017,33.0900
21/9/2017,33.0850
20/9/2017,33.0640
19/9/2017,33.0750
18/9/2017,33.1060
15/9/2017,33.0700
14/9/2017,33.1170
13/9/2017,33.1130
12/9/2017,33.1200
11/9/2017,33.1500
8/9/2017,33.0760
7/9/2017,33.1300
6/9/2017,33.1500
5/9/2017,33.1400
4/9/2017,33.1100
1/9/2017,33.1900
31/8/2017,33.2090
30/8/2017,33.1890
29/8/2017,33.2100
28/8/2017,33.2400
25/8/2017,33.3200
24/8/2017,33.3400
23/8/2017,33.2360
22/8/2017,33.2400
21/8/2017,33.2030
18/8/2017,33.2590
17/8/2017,33.2410
16/8/2017,33.2710
15/8/2017,33.2590
14/8/2017,33.1620
11/8/2017,33.2400
10/8/2017,33.2390
9/8/2017,33.2590
8/8/2017,33.2490
7/8/2017,33.2500
4/8/2017,33.2400
3/8/2017,33.2830
2/8/2017,33.2790
1/8/2017,33.2800
31/7/2017,33.3290
28/7/2017,33.3100
27/7/2017,33.3700
26/7/2017,33.4600
25/7/2017,33.4100
24/7/2017,33.4200
21/7/2017,33.5490
20/7/2017,33.5820
19/7/2017,33.5540
18/7/2017,33.6300
17/7/2017,33.7600
14/7/2017,33.9300
13/7/2017,33.9380
12/7/2017,34.0400
11/7/2017,null
10/7/2017,34.1040
7/7/2017,34.0600
6/7/2017,34.0130
5/7/2017,34.0000
4/7/2017,33.9860
3/7/2017,33.9230
30/6/2017,33.9700
29/6/2017,33.9390
28/6/2017,33.9600
27/6/2017,33.9700
26/6/2017,33.9300
23/6/2017,33.9520
22/6/2017,33.9650
21/6/2017,33.9840
20/6/2017,34.0000
19/6/2017,33.9300
16/6/2017,33.9600
15/6/2017,33.8800
14/6/2017,33.9050
13/6/2017,34.0600
12/6/2017,34.0600
9/6/2017,34.0740
8/6/2017,34.0300
7/6/2017,33.9390
6/6/2017,34.0060
5/6/2017,34.0480
2/6/2017,34.1500
1/6/2017,34.0410
31/5/2017,34.1140
30/5/2017,34.1260
29/5/2017,34.0250
26/5/2017,34.1580
25/5/2017,34.3010
24/5/2017,34.4400
23/5/2017,34.2930
22/5/2017,34.3110
19/5/2017,34.5200
18/5/2017,34.4580
17/5/2017,34.4530
16/5/2017,34.5400
15/5/2017,34.6500
12/5/2017,34.7060
11/5/2017,34.7600
10/5/2017,34.7510
9/5/2017,34.6590
8/5/2017,34.6430
5/5/2017,34.6240
4/5/2017,34.5500
3/5/2017,34.4500
2/5/2017,34.5890
1/5/2017,34.4950
28/4/2017,34.5900
27/4/2017,34.4600
26/4/2017,34.4210
25/4/2017,34.3150
24/4/2017,34.3160
21/4/2017,34.4100
20/4/2017,34.3770
19/4/2017,34.3300
18/4/2017,34.2730
17/4/2017,34.3330
14/4/2017,34.3200
13/4/2017,34.3860
12/4/2017,34.5300
11/4/2017,34.6100
10/4/2017,34.6270
7/4/2017,34.5810
6/4/2017,34.5500
5/4/2017,34.4400
4/4/2017,34.3600
3/4/2017,34.3460
31/3/2017,34.4790
30/3/2017,34.4030
29/3/2017,34.4580
28/3/2017,34.3850
27/3/2017,34.5030
24/3/2017,34.5820
23/3/2017,34.5760
22/3/2017,34.7500
21/3/2017,34.6340
20/3/2017,34.7990
17/3/2017,34.9100
16/3/2017,35.0210
15/3/2017,35.2660
14/3/2017,35.3300
13/3/2017,35.3200
10/3/2017,35.3900
9/3/2017,35.2700
8/3/2017,35.1000
7/3/2017,35.0400
6/3/2017,35.0100
3/3/2017,35.0460
2/3/2017,35.0100
1/3/2017,34.9300
28/2/2017,34.8400
27/2/2017,34.8420
24/2/2017,34.9420
23/2/2017,35.0000
22/2/2017,35.0120
21/2/2017,35.0140
20/2/2017,34.9900
17/2/2017,34.9870
16/2/2017,34.9900
15/2/2017,34.9990
14/2/2017,35.0600
13/2/2017,35.0700
10/2/2017,35.0600
9/2/2017,35.0200
8/2/2017,35.0200
7/2/2017,34.9970
6/2/2017,35.0060
3/2/2017,35.0700
2/2/2017,35.1100
1/2/2017,35.1000
31/1/2017,35.1900
30/1/2017,35.2380
27/1/2017,35.3000
26/1/2017,35.1900
25/1/2017,35.2400
24/1/2017,35.2500
23/1/2017,35.3300
20/1/2017,35.4100
19/1/2017,35.4200
18/1/2017,35.2700
17/1/2017,35.4200
16/1/2017,35.4200
13/1/2017,35.3600
12/1/2017,35.4100
11/1/2017,35.5330
10/1/2017,35.6070
9/1/2017,35.7020
6/1/2017,35.6560
5/1/2017,35.7870
4/1/2017,35.8900
3/1/2017,35.7990
2/1/2017,35.7650
30/12/2016,35.8780
29/12/2016,35.9900
28/12/2016,35.9770
27/12/2016,35.9600
26/12/2016,35.9600
23/12/2016,35.9810
22/12/2016,35.9450
21/12/2016,35.9700
20/12/2016,35.8600
19/12/2016,35.0450
16/12/2016,35.7600
15/12/2016,35.5970
14/12/2016,35.5700
13/12/2016,35.5600
12/12/2016,35.7100
9/12/2016,35.6100
8/12/2016,35.5900
7/12/2016,35.6100
6/12/2016,35.5750
5/12/2016,35.9000
2/12/2016,35.6610
1/12/2016,35.6850
30/11/2016,35.6500
29/11/2016,35.5200
28/11/2016,34.8070
25/11/2016,35.6170
24/11/2016,35.6900
23/11/2016,35.4630
22/11/2016,35.5300
21/11/2016,35.5800
18/11/2016,35.5110
17/11/2016,35.4380
16/11/2016,35.4400
15/11/2016,35.4380
14/11/2016,34.7630
11/11/2016,35.2700
10/11/2016,35.0500
9/11/2016,34.9100
8/11/2016,34.9800
7/11/2016,35.1260
4/11/2016,34.9700
3/11/2016,34.9400
2/11/2016,35.0100
1/11/2016,35.0100
31/10/2016,35.0200
28/10/2016,35.1300
27/10/2016,34.9830
26/10/2016,34.8470
25/10/2016,35.0380
24/10/2016,35.1010
21/10/2016,35.0000
20/10/2016,34.8500
19/10/2016,34.9880
18/10/2016,35.2200
17/10/2016,34.6830
14/10/2016,35.3600
13/10/2016,35.6800
12/10/2016,35.4400
11/10/2016,35.1320
10/10/2016,34.9160
7/10/2016,34.8310
6/10/2016,34.7920
5/10/2016,34.7700
4/10/2016,34.6150
3/10/2016,34.5780
30/9/2016,34.6430
29/9/2016,34.5500
28/9/2016,34.5830
27/9/2016,34.5900
26/9/2016,33.9100
23/9/2016,34.6100
22/9/2016,34.6380
21/9/2016,34.7210
20/9/2016,34.7825
19/9/2016,34.9100
16/9/2016,34.8310
15/9/2016,34.8420
14/9/2016,34.9170
13/9/2016,34.8580
12/9/2016,34.7700
9/9/2016,34.7360
8/9/2016,34.6050
7/9/2016,34.5720
6/9/2016,34.7080
5/9/2016,34.5910
2/9/2016,34.5900
1/9/2016,34.6200
31/8/2016,34.5900
30/8/2016,34.5530
29/8/2016,34.7600
26/8/2016,34.5400
25/8/2016,34.6300
24/8/2016,34.6250
23/8/2016,34.6200
22/8/2016,34.6700
19/8/2016,34.5400
18/8/2016,34.6250
17/8/2016,34.6200
16/8/2016,34.5900
15/8/2016,34.7700
12/8/2016,34.6910
11/8/2016,34.7320
10/8/2016,34.8310
9/8/2016,34.9350
8/8/2016,35.0040
5/8/2016,34.8670
4/8/2016,34.9780
3/8/2016,34.7390
2/8/2016,34.7230
1/8/2016,34.7800
29/7/2016,34.8090
28/7/2016,34.8750
27/7/2016,34.9490
26/7/2016,34.9960
25/7/2016,34.9540
22/7/2016,34.9250
21/7/2016,35.0250
20/7/2016,35.0050
19/7/2016,34.9300
18/7/2016,34.8540
15/7/2016,35.0130
14/7/2016,35.1570
13/7/2016,35.1670
12/7/2016,35.1470
11/7/2016,35.1770
8/7/2016,35.1770
7/7/2016,35.1690
6/7/2016,35.1460
5/7/2016,35.0220
4/7/2016,34.3250
1/7/2016,35.1210
30/6/2016,35.1130
29/6/2016,35.2040
28/6/2016,35.2980
27/6/2016,35.3100
24/6/2016,35.1170
23/6/2016,35.1610
22/6/2016,35.2020
21/6/2016,35.1600
20/6/2016,35.2020
17/6/2016,35.2170
16/6/2016,35.2180
15/6/2016,35.2990
14/6/2016,35.1670
13/6/2016,35.2780
10/6/2016,35.1610
9/6/2016,35.0680
8/6/2016,35.1970
7/6/2016,35.2170
6/6/2016,35.4000
3/6/2016,35.5880
2/6/2016,35.6430
1/6/2016,35.6980
31/5/2016,35.7210
30/5/2016,35.7120
27/5/2016,35.5550
26/5/2016,35.6110
25/5/2016,35.6990
24/5/2016,35.6590
23/5/2016,35.6670
20/5/2016,35.6510
19/5/2016,35.6980
18/5/2016,35.4950
17/5/2016,35.3920
16/5/2016,35.3920
13/5/2016,35.2930
12/5/2016,35.2330
11/5/2016,35.1950
10/5/2016,35.2010
9/5/2016,35.1100
6/5/2016,35.1140
5/5/2016,35.0980
4/5/2016,34.9790
3/5/2016,34.8260
2/5/2016,34.8530
29/4/2016,34.9560
28/4/2016,35.0990
27/4/2016,35.1160
26/4/2016,35.0450
25/4/2016,35.0190
22/4/2016,35.0620
21/4/2016,34.8610
20/4/2016,34.7970
19/4/2016,34.9660
18/4/2016,34.9780
15/4/2016,35.0040
14/4/2016,35.0440
13/4/2016,34.9680
12/4/2016,35.0090
11/4/2016,35.0710
8/4/2016,35.2040
7/4/2016,35.1830
6/4/2016,35.2720
5/4/2016,35.2240
4/4/2016,35.1470
1/4/2016,35.0930
31/3/2016,35.2220
30/3/2016,35.2900
29/3/2016,35.2210
28/3/2016,35.3560
25/3/2016,35.3350
24/3/2016,35.2050
23/3/2016,34.9230
22/3/2016,34.9030
21/3/2016,34.8300
18/3/2016,34.7380
17/3/2016,34.9780
16/3/2016,35.0810
15/3/2016,35.0470
14/3/2016,34.1960
11/3/2016,35.2030
10/3/2016,35.2480
9/3/2016,35.3130
8/3/2016,35.3990
7/3/2016,34.6420
4/3/2016,35.4020
3/3/2016,35.5130
2/3/2016,35.5740
1/3/2016,35.6180
29/2/2016,35.2390
26/2/2016,35.6270
25/2/2016,35.6790
24/2/2016,35.7220
23/2/2016,35.7170
22/2/2016,34.9650
19/2/2016,35.5370
18/2/2016,35.5800
17/2/2016,35.6240
16/2/2016,35.5840
15/2/2016,35.0060
12/2/2016,35.2200
11/2/2016,35.2760
10/2/2016,35.3650
9/2/2016,35.4750
8/2/2016,35.5910
5/2/2016,35.5930
4/2/2016,35.6420
3/2/2016,35.7820
2/2/2016,35.5860
1/2/2016,35.2460
29/1/2016,35.8070
28/1/2016,35.7950
27/1/2016,35.8070
26/1/2016,35.9240
25/1/2016,35.9920
22/1/2016,36.2010
21/1/2016,36.2420
20/1/2016,36.2890
19/1/2016,36.2680
18/1/2016,35.5790
15/1/2016,36.2930
14/1/2016,36.2690
13/1/2016,36.3250
12/1/2016,36.2210
11/1/2016,35.3130
8/1/2016,36.2360
7/1/2016,36.2050
6/1/2016,36.1110
5/1/2016,36.1270
4/1/2016,35.4360
1/1/2016,35.4210
31/12/2015,35.9960
30/12/2015,36.0490
29/12/2015,36.0470
28/12/2015,35.2510
25/12/2015,35.2560
24/12/2015,36.0310
23/12/2015,36.0410
22/12/2015,36.0990
21/12/2015,36.1050
18/12/2015,36.0990
17/12/2015,35.9390
16/12/2015,35.9280
15/12/2015,36.1140
14/12/2015,35.2920
11/12/2015,35.9770
10/12/2015,35.9540
9/12/2015,35.9320
8/12/2015,35.8240
7/12/2015,35.7260
4/12/2015,35.7990
3/12/2015,35.8210
2/12/2015,35.7400
1/12/2015,35.7830
30/11/2015,35.8910
27/11/2015,35.7260
26/11/2015,35.6250
25/11/2015,35.7250
24/11/2015,35.8170
23/11/2015,35.1400
20/11/2015,35.7460
19/11/2015,35.9300
18/11/2015,35.9310
17/11/2015,35.9740
16/11/2015,36.1290
13/11/2015,35.8320
12/11/2015,35.8190
11/11/2015,35.8240
10/11/2015,35.8880
9/11/2015,35.8220
6/11/2015,35.5310
5/11/2015,35.4730
4/11/2015,35.5530
3/11/2015,35.5560
2/11/2015,35.5450
30/10/2015,35.6050
29/10/2015,35.4180
28/10/2015,35.4850
27/10/2015,35.4470
26/10/2015,35.5130
23/10/2015,35.5660
22/10/2015,35.6080
21/10/2015,35.3700
20/10/2015,35.4140
19/10/2015,35.2160
16/10/2015,35.1600
15/10/2015,35.3580
14/10/2015,35.6150
13/10/2015,35.3480
12/10/2015,35.5160
9/10/2015,35.7890
8/10/2015,35.8650
7/10/2015,36.2750
6/10/2015,36.2540
5/10/2015,36.3490
2/10/2015,36.4310
1/10/2015,36.3280
30/9/2015,36.3970
29/9/2015,36.3290
28/9/2015,36.1120
25/9/2015,36.2340
24/9/2015,36.1580
23/9/2015,36.0430
22/9/2015,35.7920
21/9/2015,35.6690
18/9/2015,35.7610
17/9/2015,35.8390
16/9/2015,35.9220
15/9/2015,36.0130
14/9/2015,35.9750
11/9/2015,36.0280
10/9/2015,36.1700
9/9/2015,36.0200
8/9/2015,36.1050
7/9/2015,35.9390
4/9/2015,35.8170
3/9/2015,35.7250
2/9/2015,35.7230
1/9/2015,35.8170
31/8/2015,35.7230
28/8/2015,35.6360
27/8/2015,35.5900
26/8/2015,35.5690
25/8/2015,35.6650
24/8/2015,35.7030
21/8/2015,35.5550
20/8/2015,35.5260
19/8/2015,35.5400
18/8/2015,35.5290
17/8/2015,35.2840
14/8/2015,35.1450
13/8/2015,35.2140
12/8/2015,35.3350
11/8/2015,35.0840
10/8/2015,35.1460
7/8/2015,35.0750
6/8/2015,35.1320
5/8/2015,35.0750
4/8/2015,35.0330
3/8/2015,35.0560
31/7/2015,35.0900
30/7/2015,34.9520
29/7/2015,34.8150
28/7/2015,34.8170
27/7/2015,34.8820
24/7/2015,34.7650
23/7/2015,34.6730
22/7/2015,34.4270
21/7/2015,34.4290
20/7/2015,34.2090
17/7/2015,34.1440
16/7/2015,34.1760
15/7/2015,34.0440
14/7/2015,34.0390
13/7/2015,33.9970
10/7/2015,33.9140
9/7/2015,33.9510
8/7/2015,33.9320
7/7/2015,33.8260
6/7/2015,34.0780
3/7/2015,33.7650
2/7/2015,33.8170
1/7/2015,33.8050
30/6/2015,33.7290
29/6/2015,34.3510
26/6/2015,33.7330
25/6/2015,33.7530
24/6/2015,33.7210
23/6/2015,33.6420
22/6/2015,33.5790
19/6/2015,33.6100
18/6/2015,33.6130
17/6/2015,33.6610
16/6/2015,33.6750
15/6/2015,33.7770
12/6/2015,33.6990
11/6/2015,33.5920
10/6/2015,33.6930
9/6/2015,33.7450
8/6/2015,33.8980
5/6/2015,33.7070
4/6/2015,33.6620
3/6/2015,33.6960
2/6/2015,33.6630
1/6/2015,33.7640
29/5/2015,33.7340
28/5/2015,33.7730
27/5/2015,33.7100
26/5/2015,33.5740
25/5/2015,33.5220
22/5/2015,33.3740
21/5/2015,33.5540
20/5/2015,33.4910
19/5/2015,33.3850
18/5/2015,33.4690
15/5/2015,33.4600
14/5/2015,33.5140
13/5/2015,33.6810
12/5/2015,33.7300
11/5/2015,33.5590
8/5/2015,33.5040
7/5/2015,33.2620
6/5/2015,33.2860
5/5/2015,33.2080
4/5/2015,33.0990
1/5/2015,33.0150
30/4/2015,32.8380
29/4/2015,32.5970
28/4/2015,32.5660
27/4/2015,32.5610
24/4/2015,32.4110
23/4/2015,32.3670
22/4/2015,32.3390
21/4/2015,32.3610
20/4/2015,32.3030
17/4/2015,32.3660
16/4/2015,32.4190
15/4/2015,32.4300
14/4/2015,32.5410
13/4/2015,32.5100
10/4/2015,32.5300
9/4/2015,32.5220
8/4/2015,32.5440
7/4/2015,32.2730
6/4/2015,32.0770
3/4/2015,32.4630
2/4/2015,32.4450
1/4/2015,32.5350
31/3/2015,32.5400
30/3/2015,32.5460
27/3/2015,32.5520
26/3/2015,32.5320
25/3/2015,32.4770
24/3/2015,32.5450
23/3/2015,32.5350
20/3/2015,32.6970
19/3/2015,32.6890
18/3/2015,32.8990
17/3/2015,32.9010
16/3/2015,32.9360
13/3/2015,32.8160
12/3/2015,32.8750
11/3/2015,32.6880
10/3/2015,32.5850
9/3/2015,32.5490
6/3/2015,32.3960
5/3/2015,32.3520
4/3/2015,32.2990
3/3/2015,32.3120
2/3/2015,32.4420
27/2/2015,32.3500
26/2/2015,32.4760
25/2/2015,32.5300
24/2/2015,32.5500
23/2/2015,32.5200
20/2/2015,32.5490
19/2/2015,32.5480
18/2/2015,32.5710
17/2/2015,32.5920
16/2/2015,32.5550
13/2/2015,32.6210
12/2/2015,32.6480
11/2/2015,32.5970
10/2/2015,32.5970
9/2/2015,32.6060
6/2/2015,32.5760
5/2/2015,32.5560
4/2/2015,32.5730
3/2/2015,32.5490
2/2/2015,32.6850
30/1/2015,32.7380
29/1/2015,32.5170
28/1/2015,32.4860
27/1/2015,32.5200
26/1/2015,32.7420
23/1/2015,32.5420
22/1/2015,32.5590
21/1/2015,32.6960
20/1/2015,32.5550
19/1/2015,32.5330
16/1/2015,32.7000
15/1/2015,32.7240
14/1/2015,32.7960
13/1/2015,32.8260
12/1/2015,32.7300
9/1/2015,32.8290
8/1/2015,32.8290
7/1/2015,32.8450
6/1/2015,32.9320
5/1/2015,33.1150
2/1/2015,32.8810
1/1/2015,32.8620
31/12/2014,32.8560
30/12/2014,32.9370
29/12/2014,32.8840
26/12/2014,32.8340
25/12/2014,32.8620
24/12/2014,32.8570
23/12/2014,32.8730
22/12/2014,32.8500
19/12/2014,32.8490
18/12/2014,32.9370
17/12/2014,32.9380
16/12/2014,32.9400
15/12/2014,32.7840
12/12/2014,32.8090
11/12/2014,32.7560
10/12/2014,32.8630
9/12/2014,33.0090
8/12/2014,32.9810
5/12/2014,32.8650
4/12/2014,32.8480
3/12/2014,32.8340
2/12/2014,32.7740
1/12/2014,32.2940
28/11/2014,32.7700
27/11/2014,32.7610
26/11/2014,32.7560
25/11/2014,32.8010
24/11/2014,32.8010
21/11/2014,32.7730
20/11/2014,32.8170
19/11/2014,32.7370
18/11/2014,32.7610
17/11/2014,32.8390
14/11/2014,32.7860
13/11/2014,32.8300
12/11/2014,32.8660
11/11/2014,32.8140
10/11/2014,32.0520
7/11/2014,32.8080
6/11/2014,32.7510
5/11/2014,32.6500
4/11/2014,32.6650
3/11/2014,32.1490
31/10/2014,32.5030
30/10/2014,32.5090
29/10/2014,32.4000
28/10/2014,32.3920
27/10/2014,31.7220
24/10/2014,32.3600
23/10/2014,32.2980
22/10/2014,32.2350
21/10/2014,32.2620
20/10/2014,32.3670
17/10/2014,32.3950
16/10/2014,32.3910
15/10/2014,32.4730
14/10/2014,32.4060
13/10/2014,31.9030
10/10/2014,32.4210
9/10/2014,32.5170
8/10/2014,32.5580
7/10/2014,32.5830
6/10/2014,32.6210
3/10/2014,32.3990
2/10/2014,32.4050
1/10/2014,32.4030
30/9/2014,32.3630
29/9/2014,31.8410
26/9/2014,32.2770
25/9/2014,32.2040
24/9/2014,32.2030
23/9/2014,32.2230
22/9/2014,31.6450
19/9/2014,32.2210
18/9/2014,32.2700
17/9/2014,32.1790
16/9/2014,32.2560
15/9/2014,31.4960
12/9/2014,32.1760
11/9/2014,32.1530
10/9/2014,32.0640
9/9/2014,32.0710
8/9/2014,31.9570
5/9/2014,32.0640
4/9/2014,31.9680
3/9/2014,32.0900
2/9/2014,31.9450
1/9/2014,31.4790
29/8/2014,31.9150
28/8/2014,31.8820
27/8/2014,31.9060
26/8/2014,31.9570
25/8/2014,32.0240
22/8/2014,31.9520
21/8/2014,31.9820
20/8/2014,31.8900
19/8/2014,31.8230
18/8/2014,31.8740
15/8/2014,31.8480
14/8/2014,31.9170
13/8/2014,32.0540
12/8/2014,32.0610
11/8/2014,32.1150
8/8/2014,32.2470
7/8/2014,32.1680
6/8/2014,32.1790
5/8/2014,32.1210
4/8/2014,32.1130
1/8/2014,32.1520
31/7/2014,31.9410
30/7/2014,31.8000
29/7/2014,31.7840
28/7/2014,31.8240
25/7/2014,31.8290
24/7/2014,31.7610
23/7/2014,31.7450
22/7/2014,31.8730
21/7/2014,31.5430
18/7/2014,32.1650
17/7/2014,32.0850
16/7/2014,32.1000
15/7/2014,32.1050
14/7/2014,32.1310
11/7/2014,32.1390
10/7/2014,32.1830
9/7/2014,32.3660
8/7/2014,32.3780
7/7/2014,32.3640
4/7/2014,32.3700
3/7/2014,32.3520
2/7/2014,32.3570
1/7/2014,32.4010
30/6/2014,32.4480
27/6/2014,32.4490
26/6/2014,32.4230
25/6/2014,32.4210
24/6/2014,32.4160
23/6/2014,32.4540
20/6/2014,32.4490
19/6/2014,32.3980
18/6/2014,32.4640
17/6/2014,32.3550
16/6/2014,32.3710
13/6/2014,32.4160
12/6/2014,32.4500
11/6/2014,32.4500
10/6/2014,32.3970
9/6/2014,32.4540
6/6/2014,32.6050
5/6/2014,32.6440
4/6/2014,32.6150
3/6/2014,32.8340
2/6/2014,32.8500
30/5/2014,32.7730
29/5/2014,32.6640
28/5/2014,32.5990
27/5/2014,32.5590
26/5/2014,32.5140
23/5/2014,32.5370
22/5/2014,32.4420
21/5/2014,32.5210
20/5/2014,32.6280
19/5/2014,31.8970
16/5/2014,32.4900
15/5/2014,32.4400
14/5/2014,32.5970
13/5/2014,32.5700
12/5/2014,32.6010
9/5/2014,32.4670
8/5/2014,32.3600
7/5/2014,32.3240
6/5/2014,32.3190
5/5/2014,32.3660
2/5/2014,32.3280
1/5/2014,32.3310
30/4/2014,32.2270
29/4/2014,32.2330
28/4/2014,32.2160
25/4/2014,32.3560
24/4/2014,32.3360
23/4/2014,32.2890
22/4/2014,32.2250
21/4/2014,31.6660
18/4/2014,32.1800
17/4/2014,32.1930
16/4/2014,32.2800
15/4/2014,32.2520
14/4/2014,32.3380
11/4/2014,32.3070
10/4/2014,32.1680
9/4/2014,32.2510
8/4/2014,32.4600
7/4/2014,32.4210
4/4/2014,32.4570
3/4/2014,32.4150
2/4/2014,32.3220
1/4/2014,32.3860
31/3/2014,32.4930
28/3/2014,32.4810
27/3/2014,32.5340
26/3/2014,32.5420
25/3/2014,32.4330
24/3/2014,32.3570
21/3/2014,32.3360
20/3/2014,32.3300
19/3/2014,32.0770
18/3/2014,32.2000
17/3/2014,31.6550
14/3/2014,32.3110
13/3/2014,32.3680
12/3/2014,32.3350
11/3/2014,32.3490
10/3/2014,31.7220
7/3/2014,32.2060
6/3/2014,32.2700
5/3/2014,32.3160
4/3/2014,32.5000
3/3/2014,32.0890
28/2/2014,32.5570
27/2/2014,32.5600
26/2/2014,32.5240
25/2/2014,32.5020
24/2/2014,32.5900
21/2/2014,32.5530
20/2/2014,32.6110
19/2/2014,32.4730
18/2/2014,32.2140
17/2/2014,32.2910
14/2/2014,32.5540
13/2/2014,32.4800
12/2/2014,32.7080
11/2/2014,32.7910
10/2/2014,32.0800
7/2/2014,32.7710
6/2/2014,32.7260
5/2/2014,32.7300
4/2/2014,32.9320
3/2/2014,32.9740
31/1/2014,32.9860
30/1/2014,32.9520
29/1/2014,32.8700
28/1/2014,32.8830
27/1/2014,32.3570
24/1/2014,32.8780
23/1/2014,32.9100
22/1/2014,32.8580
21/1/2014,32.7800
20/1/2014,32.4390
17/1/2014,32.7630
16/1/2014,32.8540
15/1/2014,32.8110
14/1/2014,32.9370
13/1/2014,32.9480
10/1/2014,33.0180
9/1/2014,33.0280
8/1/2014,33.0500
7/1/2014,33.0630
6/1/2014,32.9530
3/1/2014,32.9480
2/1/2014,32.6390
1/1/2014,32.6950
31/12/2013,32.8130
30/12/2013,32.7850
27/12/2013,32.6070
26/12/2013,32.6730
25/12/2013,32.6400
24/12/2013,32.6660
23/12/2013,31.9420
20/12/2013,32.4500
19/12/2013,32.3300
18/12/2013,32.0970
17/12/2013,31.9740
16/12/2013,32.0510
13/12/2013,32.1100
12/12/2013,32.0420
11/12/2013,32.0760
10/12/2013,32.1200
9/12/2013,31.6400
6/12/2013,32.2300
5/12/2013,32.1860
4/12/2013,32.1470
3/12/2013,32.1480
2/12/2013,32.0360
29/11/2013,32.0940
28/11/2013,32.1100
27/11/2013,32.0240
26/11/2013,32.0140
25/11/2013,31.8010
22/11/2013,31.8090
21/11/2013,31.6950
20/11/2013,31.5810
19/11/2013,31.5620
18/11/2013,30.9440
15/11/2013,31.5700
14/11/2013,31.4540
13/11/2013,31.5980
12/11/2013,31.5890
11/11/2013,30.9470
8/11/2013,31.3380
7/11/2013,31.2270
6/11/2013,31.2510
5/11/2013,31.2260
4/11/2013,30.6390
1/11/2013,31.1520
31/10/2013,31.0860
30/10/2013,31.0470
29/10/2013,31.0340
28/10/2013,31.0180
25/10/2013,31.1450
24/10/2013,31.1490
23/10/2013,31.0110
22/10/2013,31.1100
21/10/2013,31.0300
18/10/2013,31.0060
17/10/2013,31.2030
16/10/2013,31.2540
15/10/2013,31.2410
14/10/2013,31.3300
11/10/2013,31.3530
10/10/2013,31.4270
9/10/2013,31.3110
8/10/2013,null
7/10/2013,30.7870
4/10/2013,31.2630
3/10/2013,31.2340
2/10/2013,31.1750
1/10/2013,31.2350
30/9/2013,30.7100
27/9/2013,31.2060
26/9/2013,31.2700
25/9/2013,31.3140
24/9/2013,31.1480
23/9/2013,30.3950
20/9/2013,31.0280
19/9/2013,31.1990
18/9/2013,31.6840
17/9/2013,31.7420
16/9/2013,31.7260
13/9/2013,31.6610
12/9/2013,31.9040
11/9/2013,32.0880
10/9/2013,32.0660
9/9/2013,32.2270
6/9/2013,32.3300
5/9/2013,32.1530
4/9/2013,32.1410
3/9/2013,32.0600
2/9/2013,31.6260
30/8/2013,32.1090
29/8/2013,32.1430
28/8/2013,32.1350
27/8/2013,31.9700
26/8/2013,31.7910
23/8/2013,31.9910
22/8/2013,31.9210
21/8/2013,31.6170
20/8/2013,31.3940
19/8/2013,30.7000
16/8/2013,31.2290
15/8/2013,31.2340
14/8/2013,31.2390
13/8/2013,31.2290
12/8/2013,31.2240
9/8/2013,31.1590
8/8/2013,31.3800
7/8/2013,31.3810
6/8/2013,31.3470
5/8/2013,30.6280
2/8/2013,31.3050
1/8/2013,31.2370
31/7/2013,31.2320
30/7/2013,31.1430
29/7/2013,30.4860
26/7/2013,31.0170
25/7/2013,31.0220
24/7/2013,30.8690
23/7/2013,30.9080
22/7/2013,30.3410
19/7/2013,30.9950
18/7/2013,30.9570
17/7/2013,31.0240
16/7/2013,31.0940
15/7/2013,30.5190
12/7/2013,31.0890
11/7/2013,31.1170
10/7/2013,31.2240
9/7/2013,31.3940
8/7/2013,30.6350
5/7/2013,31.0480
4/7/2013,31.0290
3/7/2013,30.9440
2/7/2013,30.9080
1/7/2013,30.5180
28/6/2013,31.1130
27/6/2013,31.0890
26/6/2013,31.0150
25/6/2013,31.0330
24/6/2013,31.1610
21/6/2013,31.1320
20/6/2013,30.9880
19/6/2013,30.8520
18/6/2013,30.6300
17/6/2013,29.9070
14/6/2013,30.6960
13/6/2013,30.9390
12/6/2013,30.9340
11/6/2013,30.7610
10/6/2013,30.1130
7/6/2013,30.5300
6/6/2013,30.5250
5/6/2013,30.4440
4/6/2013,30.3110
3/6/2013,29.6650
31/5/2013,30.1020
30/5/2013,30.1710
29/5/2013,30.0710
28/5/2013,29.8320
27/5/2013,29.3520
24/5/2013,29.9070
23/5/2013,29.8880
22/5/2013,29.7460
21/5/2013,29.7710
20/5/2013,29.8180
17/5/2013,29.7040
16/5/2013,29.7130
15/5/2013,29.7000
14/5/2013,29.6300
13/5/2013,29.1790
10/5/2013,29.5090
9/5/2013,28.6740
8/5/2013,29.5580
7/5/2013,29.5590
6/5/2013,28.9700
3/5/2013,29.4400
2/5/2013,29.3260
1/5/2013,29.2430
30/4/2013,29.2370
29/4/2013,28.6250
26/4/2013,29.1480
25/4/2013,28.9230
24/4/2013,28.8020
23/4/2013,28.6800
22/4/2013,28.0700
19/4/2013,28.4150
18/4/2013,28.8000
17/4/2013,28.9400
16/4/2013,29.0600
15/4/2013,29.0630
12/4/2013,29.0080
11/4/2013,29.0440
10/4/2013,28.9700
9/4/2013,29.1840
8/4/2013,28.5430
5/4/2013,29.2480
4/4/2013,29.3230
3/4/2013,29.3820
2/4/2013,28.5800
1/4/2013,28.6720
29/3/2013,29.2890
28/3/2013,29.2690
27/3/2013,29.2890
26/3/2013,29.2580
25/3/2013,28.5030
22/3/2013,29.1550
21/3/2013,29.0930
20/3/2013,29.2200
19/3/2013,29.4920
18/3/2013,29.3140
15/3/2013,29.6060
14/3/2013,29.6130
13/3/2013,29.5530
12/3/2013,29.6870
11/3/2013,29.3380
8/3/2013,29.6920
7/3/2013,29.7750
6/3/2013,29.7390
5/3/2013,29.8040
4/3/2013,29.7390
1/3/2013,29.7560
28/2/2013,29.7910
27/2/2013,29.7900
26/2/2013,29.8140
25/2/2013,29.1700
22/2/2013,29.7960
21/2/2013,29.8380
20/2/2013,29.8390
19/2/2013,29.8920
18/2/2013,29.2340
15/2/2013,29.8260
14/2/2013,29.8260
13/2/2013,29.7930
12/2/2013,29.8330
11/2/2013,29.2780
8/2/2013,29.7790
7/2/2013,29.7560
6/2/2013,29.7510
5/2/2013,29.7530
4/2/2013,29.1760
1/2/2013,29.8310
31/1/2013,29.7450
30/1/2013,29.7590
29/1/2013,29.8840
28/1/2013,29.2480
25/1/2013,29.8030
24/1/2013,29.7860
23/1/2013,29.7210
22/1/2013,29.7410
21/1/2013,29.2140
18/1/2013,29.7590
17/1/2013,29.7910
16/1/2013,29.9060
15/1/2013,30.2140
14/1/2013,29.4250
11/1/2013,30.2210
10/1/2013,30.3620
9/1/2013,30.4150
8/1/2013,30.4240
7/1/2013,29.7560
4/1/2013,30.3910
3/1/2013,30.2930
2/1/2013,30.5490
1/1/2013,30.5800
31/12/2012,29.8980
28/12/2012,30.5900
27/12/2012,30.6110
26/12/2012,30.6090
25/12/2012,30.5920
24/12/2012,30.5860
21/12/2012,30.6110
20/12/2012,30.5730
19/12/2012,30.5670
18/12/2012,30.5570
17/12/2012,30.5770
14/12/2012,30.6050
13/12/2012,30.6000
12/12/2012,30.5820
11/12/2012,30.6140
10/12/2012,30.1150
7/12/2012,30.6520
6/12/2012,30.6560
5/12/2012,30.6510
4/12/2012,30.6080
3/12/2012,30.0940
30/11/2012,30.6850
29/11/2012,30.6860
28/11/2012,30.6600
27/11/2012,30.6550
26/11/2012,29.9330
23/11/2012,30.6870
22/11/2012,30.6740
21/11/2012,30.6680
20/11/2012,30.6540
19/11/2012,30.0670
16/11/2012,30.7060
15/11/2012,30.6810
14/11/2012,30.6380
13/11/2012,30.6160
12/11/2012,29.9930
9/11/2012,30.6610
8/11/2012,30.7040
7/11/2012,30.7130
6/11/2012,30.7810
5/11/2012,30.2410
2/11/2012,30.6750
1/11/2012,30.6700
31/10/2012,30.6990
30/10/2012,30.7090
29/10/2012,30.0530
26/10/2012,30.7100
25/10/2012,30.7070
24/10/2012,30.7340
23/10/2012,30.6720
22/10/2012,30.1630
19/10/2012,30.6070
18/10/2012,30.6040
17/10/2012,30.6150
16/10/2012,30.6980
15/10/2012,30.0920
12/10/2012,30.6700
11/10/2012,30.6930
10/10/2012,30.6800
9/10/2012,30.5830
8/10/2012,29.9310
5/10/2012,30.5460
4/10/2012,30.6370
3/10/2012,30.6490
2/10/2012,30.7470
1/10/2012,30.4600
28/9/2012,30.8310
27/9/2012,30.9840
26/9/2012,30.9120
25/9/2012,30.9220
24/9/2012,30.2890
21/9/2012,30.8440
20/9/2012,30.7580
19/9/2012,30.8210
18/9/2012,30.7970
17/9/2012,30.0910
14/9/2012,30.8510
13/9/2012,30.8880
12/9/2012,31.0280
11/9/2012,31.0730
10/9/2012,30.3300
7/9/2012,31.1940
6/9/2012,31.2320
5/9/2012,31.1970
4/9/2012,31.1870
3/9/2012,30.7330
31/8/2012,31.3670
30/8/2012,31.3090
29/8/2012,31.2470
28/8/2012,31.2610
27/8/2012,30.6480
24/8/2012,31.1350
23/8/2012,31.1330
22/8/2012,31.3480
21/8/2012,31.4890
20/8/2012,30.9410
17/8/2012,31.4650
16/8/2012,31.4900
15/8/2012,31.4530
14/8/2012,31.4200
13/8/2012,30.8290
10/8/2012,31.4460
9/8/2012,31.4720
8/8/2012,31.4760
7/8/2012,31.4210
6/8/2012,30.5620
3/8/2012,31.6040
2/8/2012,31.5560
1/8/2012,31.5330
31/7/2012,31.5590
30/7/2012,30.8920
27/7/2012,31.5690
26/7/2012,31.6200
25/7/2012,31.7730
24/7/2012,31.7160
23/7/2012,31.2660
20/7/2012,31.6200
19/7/2012,31.6470
18/7/2012,31.5870
17/7/2012,31.5610
16/7/2012,31.6480
13/7/2012,31.7630
12/7/2012,31.6740
11/7/2012,31.7140
10/7/2012,31.6770
9/7/2012,31.2580
6/7/2012,31.5680
5/7/2012,31.5060
4/7/2012,31.3850
3/7/2012,31.5310
2/7/2012,30.9150
29/6/2012,31.8750
28/6/2012,31.8220
27/6/2012,31.8310
26/6/2012,31.7980
25/6/2012,31.8880
22/6/2012,31.7870
21/6/2012,31.5190
20/6/2012,31.3960
19/6/2012,31.4130
18/6/2012,30.6140
15/6/2012,31.4640
14/6/2012,31.4880
13/6/2012,31.5630
12/6/2012,31.6430
11/6/2012,30.5580
8/6/2012,31.6370
7/6/2012,31.3770
6/6/2012,31.5310
5/6/2012,31.4760
4/6/2012,31.0640
1/6/2012,31.7900
31/5/2012,31.8410
30/5/2012,31.7270
29/5/2012,31.6360
28/5/2012,31.0560
25/5/2012,31.5950
24/5/2012,31.5470
23/5/2012,31.4250
22/5/2012,31.2740
21/5/2012,31.4210
18/5/2012,31.3770
17/5/2012,31.3590
16/5/2012,31.3430
15/5/2012,31.3250
14/5/2012,31.1890
11/5/2012,31.1210
10/5/2012,31.1080
9/5/2012,30.9950
8/5/2012,30.9400
7/5/2012,30.7180
4/5/2012,30.9270
3/5/2012,30.8410
2/5/2012,30.7070
1/5/2012,30.7070
30/4/2012,30.7530
27/4/2012,30.3280
26/4/2012,30.8710
25/4/2012,30.8950
24/4/2012,30.9590
23/4/2012,30.9120
20/4/2012,30.8640
19/4/2012,30.8370
18/4/2012,30.7840
17/4/2012,30.8200
16/4/2012,30.4050
13/4/2012,30.6980
12/4/2012,30.8490
11/4/2012,30.9310
10/4/2012,30.2890
9/4/2012,30.3600
6/4/2012,30.9730
5/4/2012,30.9780
4/4/2012,30.8500
3/4/2012,30.8060
2/4/2012,30.7850
30/3/2012,30.8860
29/3/2012,30.7640
28/3/2012,30.7000
27/3/2012,30.6390
26/3/2012,30.0570
23/3/2012,30.7190
22/3/2012,30.7300
21/3/2012,30.7690
20/3/2012,30.6780
19/3/2012,30.6870
16/3/2012,30.7240
15/3/2012,30.7770
14/3/2012,30.5950
13/3/2012,30.5850
12/3/2012,30.5240
9/3/2012,30.5430
8/3/2012,30.7130
7/3/2012,30.7660
6/3/2012,30.6370
5/3/2012,30.5730
2/3/2012,30.4710
1/3/2012,30.4390
29/2/2012,30.2710
28/2/2012,30.3850
27/2/2012,30.2700
24/2/2012,30.2480
23/2/2012,30.4680
22/2/2012,30.6730
21/2/2012,30.7240
20/2/2012,29.9690
17/2/2012,30.7900
16/2/2012,30.7960
15/2/2012,30.7930
14/2/2012,30.7630
13/2/2012,30.2810
10/2/2012,30.7560
9/2/2012,30.6910
8/2/2012,30.8580
7/2/2012,30.9320
6/2/2012,30.8390
3/2/2012,30.9180
2/2/2012,31.0050
1/2/2012,30.8620
31/1/2012,30.5640
30/1/2012,30.3320
27/1/2012,31.3240
26/1/2012,31.2140
25/1/2012,31.3620
24/1/2012,31.3390
23/1/2012,30.9830
20/1/2012,30.8680
19/1/2012,31.5950
18/1/2012,31.7060
17/1/2012,31.8470
16/1/2012,31.8860
13/1/2012,31.7350
12/1/2012,31.6170
11/1/2012,31.6470
10/1/2012,31.6580
9/1/2012,31.8030
6/1/2012,31.5680
5/1/2012,31.4660
4/1/2012,31.2990
3/1/2012,31.4570
2/1/2012,31.5610
30/12/2011,31.7410
29/12/2011,31.5380
28/12/2011,31.4030
27/12/2011,31.2470
26/12/2011,31.2570
23/12/2011,31.1620
22/12/2011,31.2310
21/12/2011,31.1640
20/12/2011,31.2660
19/12/2011,31.2770
16/12/2011,31.3380
15/12/2011,31.2690
14/12/2011,31.3620
13/12/2011,30.7060
12/12/2011,30.4050
9/12/2011,30.6720
8/12/2011,30.6660
7/12/2011,30.7680
6/12/2011,30.8980
5/12/2011,30.3920
2/12/2011,30.8030
1/12/2011,30.8480
30/11/2011,31.2510
29/11/2011,30.8380
28/11/2011,31.2320
25/11/2011,31.2560
24/11/2011,31.3220
23/11/2011,31.1170
22/11/2011,31.2770
21/11/2011,30.5310
18/11/2011,30.9950
17/11/2011,30.9160
16/11/2011,30.8530
15/11/2011,30.7120
14/11/2011,30.7380
11/11/2011,30.7590
10/11/2011,30.8300
9/11/2011,30.5330
8/11/2011,30.5890
7/11/2011,30.5900
4/11/2011,30.5690
3/11/2011,30.8510
2/11/2011,30.9780
1/11/2011,30.8190
31/10/2011,30.5080
28/10/2011,30.4470
27/10/2011,30.6450
26/10/2011,30.7700
25/10/2011,30.8080
24/10/2011,30.9870
21/10/2011,30.6980
20/10/2011,30.7010
19/10/2011,30.6750
18/10/2011,30.6690
17/10/2011,30.0210
14/10/2011,30.8190
13/10/2011,30.7910
12/10/2011,30.9440
11/10/2011,30.8920
10/10/2011,31.1790
7/10/2011,30.9360
6/10/2011,31.0980
5/10/2011,30.2240
4/10/2011,31.2810
3/10/2011,31.3100
30/9/2011,31.2560
29/9/2011,31.1750
28/9/2011,30.8730
27/9/2011,31.1390
26/9/2011,30.8120
23/9/2011,30.6720
22/9/2011,30.8370
21/9/2011,30.3600
20/9/2011,30.5650
19/9/2011,30.4630
16/9/2011,30.2510
15/9/2011,30.1520
14/9/2011,30.1300
13/9/2011,30.0530
12/9/2011,30.1950
9/9/2011,30.0730
8/9/2011,29.8840
7/9/2011,29.8950
6/9/2011,29.9800
5/9/2011,29.9650
2/9/2011,29.9570
1/9/2011,29.9610
31/8/2011,29.9830
30/8/2011,29.9220
29/8/2011,29.9090
26/8/2011,29.9610
25/8/2011,29.8460
24/8/2011,29.7750
23/8/2011,29.8480
22/8/2011,29.8690
19/8/2011,29.8250
18/8/2011,29.8420
17/8/2011,29.8580
16/8/2011,29.0520
15/8/2011,29.2990
12/8/2011,29.9230
11/8/2011,29.9910
10/8/2011,29.6120
9/8/2011,29.9990
8/8/2011,29.5550
5/8/2011,29.9750
4/8/2011,29.6550
3/8/2011,29.8040
2/8/2011,29.5610
1/8/2011,29.7950
29/7/2011,29.6090
28/7/2011,29.6970
27/7/2011,29.6270
26/7/2011,29.6640
25/7/2011,29.2870
22/7/2011,29.7440
21/7/2011,29.7120
20/7/2011,29.8220
19/7/2011,29.8280
18/7/2011,30.1250
15/7/2011,30.0710
14/7/2011,29.9090
13/7/2011,30.3900
12/7/2011,30.2530
11/7/2011,30.3100
8/7/2011,30.2180
7/7/2011,30.4140
6/7/2011,30.5070
5/7/2011,30.3250
4/7/2011,30.6900
1/7/2011,30.1460
30/6/2011,30.6790
29/6/2011,30.9230
28/6/2011,30.1110
27/6/2011,30.7260
24/6/2011,30.3110
23/6/2011,30.5450
22/6/2011,30.4720
21/6/2011,30.4830
20/6/2011,30.5640
17/6/2011,30.4600
16/6/2011,30.5420
15/6/2011,30.4420
14/6/2011,30.3440
13/6/2011,30.0910
10/6/2011,30.3870
9/6/2011,30.3260
8/6/2011,30.2160
7/6/2011,30.3070
6/6/2011,30.1610
3/6/2011,30.1480
2/6/2011,30.3540
1/6/2011,30.1710
31/5/2011,30.1910
30/5/2011,30.2740
27/5/2011,30.2980
26/5/2011,30.4220
25/5/2011,30.3610
24/5/2011,30.3190
23/5/2011,30.4260
20/5/2011,30.0740
19/5/2011,30.2300
18/5/2011,29.5970
17/5/2011,30.3670
16/5/2011,30.3800
13/5/2011,30.2150
12/5/2011,30.1870
11/5/2011,30.0090
10/5/2011,29.9820
9/5/2011,30.4620
6/5/2011,30.2330
5/5/2011,30.0380
4/5/2011,30.0210
3/5/2011,29.8730
2/5/2011,29.9050
29/4/2011,29.7660
28/4/2011,29.6700
27/4/2011,29.7820
26/4/2011,29.8970
25/4/2011,29.9400
22/4/2011,29.9020
21/4/2011,29.8810
20/4/2011,29.9510
19/4/2011,30.0330
18/4/2011,30.1810
15/4/2011,null
14/4/2011,30.1690
13/4/2011,30.0920
12/4/2011,30.0620
11/4/2011,29.9600
8/4/2011,30.0370
7/4/2011,30.0900
6/4/2011,30.1630
5/4/2011,30.1840
4/4/2011,30.2110
1/4/2011,30.2510
31/3/2011,30.2250
30/3/2011,30.2340
29/3/2011,30.3030
28/3/2011,29.9870
25/3/2011,30.2220
24/3/2011,30.2660
23/3/2011,30.2510
22/3/2011,30.1990
21/3/2011,30.2410
18/3/2011,30.2190
17/3/2011,30.4770
16/3/2011,30.3960
15/3/2011,30.3110
14/3/2011,30.1830
11/3/2011,30.4090
10/3/2011,30.2930
9/3/2011,30.3470
8/3/2011,30.4170
7/3/2011,30.4200
4/3/2011,30.4000
3/3/2011,30.5340
2/3/2011,30.5960
1/3/2011,30.5150
28/2/2011,30.6250
25/2/2011,30.5280
24/2/2011,30.3890
23/2/2011,30.3710
22/2/2011,30.3200
21/2/2011,30.2590
18/2/2011,30.3870
17/2/2011,30.3600
16/2/2011,30.5140
15/2/2011,30.5200
14/2/2011,30.6000
11/2/2011,30.6450
10/2/2011,30.4390
9/2/2011,30.5870
8/2/2011,30.0280
7/2/2011,30.6170
4/2/2011,30.7960
3/2/2011,30.6040
2/2/2011,30.6030
1/2/2011,30.6910
31/1/2011,30.8900
28/1/2011,30.6470
27/1/2011,30.1530
26/1/2011,30.6580
25/1/2011,30.7860
24/1/2011,29.8790
21/1/2011,30.0080
20/1/2011,30.3700
19/1/2011,30.3140
18/1/2011,30.3870
17/1/2011,29.8260
14/1/2011,30.2140
13/1/2011,30.0050
12/1/2011,29.8700
11/1/2011,30.4160
10/1/2011,30.2430
7/1/2011,30.1540
6/1/2011,30.0480
5/1/2011,29.8630
4/1/2011,29.9110
3/1/2011,29.7450
31/12/2010,29.8690
30/12/2010,29.8580
29/12/2010,30.0540
28/12/2010,29.8930
27/12/2010,29.6710
24/12/2010,29.9060
23/12/2010,29.9140
22/12/2010,30.0270
21/12/2010,29.9670
20/12/2010,29.8040
17/12/2010,29.8610
16/12/2010,30.0720
15/12/2010,29.8760
14/12/2010,29.8050
13/12/2010,29.9600
10/12/2010,29.7760
9/12/2010,29.9040
8/12/2010,29.9880
7/12/2010,29.7760
6/12/2010,29.7350
3/12/2010,29.8240
2/12/2010,29.8800
1/12/2010,30.0600
30/11/2010,29.9850
29/11/2010,30.0460
26/11/2010,29.9730
25/11/2010,29.8040
24/11/2010,29.8430
23/11/2010,29.8290
22/11/2010,29.5850
19/11/2010,29.6720
18/11/2010,29.8440
17/11/2010,29.7800
16/11/2010,29.7890
15/11/2010,29.6400
12/11/2010,29.6590
11/11/2010,29.3030
10/11/2010,29.5310
9/11/2010,29.5620
8/11/2010,29.3920
5/11/2010,29.4420
4/11/2010,29.3840
3/11/2010,29.6190
2/11/2010,29.5910
1/11/2010,29.5640
29/10/2010,29.8070
28/10/2010,29.8070
27/10/2010,29.7220
26/10/2010,29.7110
25/10/2010,29.6730
22/10/2010,29.7510
21/10/2010,29.6620
20/10/2010,29.9800
19/10/2010,29.7550
18/10/2010,29.4990
15/10/2010,29.5910
14/10/2010,29.6410
13/10/2010,29.6160
12/10/2010,29.5780
11/10/2010,29.2960
8/10/2010,29.7400
7/10/2010,29.7370
6/10/2010,29.9010
5/10/2010,29.9730
4/10/2010,29.9330
1/10/2010,30.0920
30/9/2010,30.2550
29/9/2010,30.3720
28/9/2010,30.4590
27/9/2010,30.4650
24/9/2010,30.5590
23/9/2010,30.4260
22/9/2010,30.3050
21/9/2010,30.5540
20/9/2010,30.2390
17/9/2010,30.5560
16/9/2010,30.6300
15/9/2010,30.5990
14/9/2010,30.5640
13/9/2010,30.5840
10/9/2010,30.6220
9/9/2010,30.8100
8/9/2010,31.0510
7/9/2010,30.9660
6/9/2010,30.9050
3/9/2010,30.9250
2/9/2010,30.9790
1/9/2010,31.1250
31/8/2010,31.1410
30/8/2010,30.6130
27/8/2010,31.1610
26/8/2010,31.2370
25/8/2010,31.4110
24/8/2010,31.3280
23/8/2010,31.2390
20/8/2010,31.3890
19/8/2010,31.4550
18/8/2010,31.5650
17/8/2010,31.6320
16/8/2010,31.6590
13/8/2010,31.8140
12/8/2010,31.8760
11/8/2010,31.5380
10/8/2010,31.7720
9/8/2010,31.8080
6/8/2010,31.7920
5/8/2010,31.9490
4/8/2010,31.9860
3/8/2010,31.9910
2/8/2010,32.0100
30/7/2010,32.1230
29/7/2010,32.0110
28/7/2010,32.0470
27/7/2010,31.9540
26/7/2010,31.9540
23/7/2010,31.9020
22/7/2010,32.0410
21/7/2010,32.2090
20/7/2010,32.1260
19/7/2010,32.1510
16/7/2010,31.9960
15/7/2010,31.9460
14/7/2010,31.6320
13/7/2010,32.1560
12/7/2010,32.0930
9/7/2010,32.1240
8/7/2010,32.1260
7/7/2010,32.1310
6/7/2010,32.2690
5/7/2010,32.2030
2/7/2010,32.1980
1/7/2010,32.0400
30/6/2010,32.3700
29/6/2010,32.1990
28/6/2010,32.2740
25/6/2010,32.0730
24/6/2010,32.2400
23/6/2010,31.9340
22/6/2010,32.1690
21/6/2010,32.2390
18/6/2010,32.1090
17/6/2010,32.1370
16/6/2010,32.2230
15/6/2010,32.2050
14/6/2010,32.3460
11/6/2010,32.1290
10/6/2010,32.2840
9/6/2010,32.5330
8/6/2010,32.4720
7/6/2010,32.5260
4/6/2010,32.5030
3/6/2010,32.4140
2/6/2010,32.2850
1/6/2010,32.4630
31/5/2010,32.4300
28/5/2010,32.5960
27/5/2010,32.3740
26/5/2010,32.4200
25/5/2010,32.1740
24/5/2010,32.5130
21/5/2010,32.1630
20/5/2010,32.0490
19/5/2010,31.1600
18/5/2010,32.7390
17/5/2010,31.6020
14/5/2010,32.2330
13/5/2010,32.3710
12/5/2010,32.0690
11/5/2010,32.3140
10/5/2010,32.2800
7/5/2010,31.9650
6/5/2010,32.4120
5/5/2010,32.3170
4/5/2010,32.2600
3/5/2010,32.0970
30/4/2010,32.1550
29/4/2010,31.9910
28/4/2010,31.9260
27/4/2010,32.2300
26/4/2010,31.8370
23/4/2010,32.1000
22/4/2010,32.1310
21/4/2010,31.9690
20/4/2010,31.9800
19/4/2010,31.9750
16/4/2010,31.9700
15/4/2010,31.9610
14/4/2010,32.0770
13/4/2010,32.1050
12/4/2010,32.1740
9/4/2010,31.9490
8/4/2010,32.0790
7/4/2010,32.1920
6/4/2010,32.1390
5/4/2010,31.7850
2/4/2010,31.7490
1/4/2010,32.1090
31/3/2010,32.1810
30/3/2010,32.1150
29/3/2010,32.1000
26/3/2010,32.1480
25/3/2010,32.2990
24/3/2010,32.2400
23/3/2010,32.2430
22/3/2010,32.1220
19/3/2010,32.0990
18/3/2010,32.0760
17/3/2010,32.1650
16/3/2010,32.3470
15/3/2010,32.2880
12/3/2010,32.3460
11/3/2010,32.4410
10/3/2010,32.4800
9/3/2010,32.4590
8/3/2010,32.4900
5/3/2010,32.3990
4/3/2010,32.3840
3/3/2010,32.5260
2/3/2010,32.3870
1/3/2010,32.5140
26/2/2010,32.8930
25/2/2010,32.7240
24/2/2010,32.9230
23/2/2010,32.9060
22/2/2010,32.8760
19/2/2010,32.7700
18/2/2010,33.2400
17/2/2010,33.0110
16/2/2010,32.9030
15/2/2010,33.0020
12/2/2010,32.9580
11/2/2010,32.8410
10/2/2010,32.8890
9/2/2010,33.0190
8/2/2010,33.0910
5/2/2010,32.8430
4/2/2010,32.9820
3/2/2010,32.8970
2/2/2010,32.8790
1/2/2010,32.9460
29/1/2010,33.0090
28/1/2010,32.9360
27/1/2010,32.8900
26/1/2010,32.8730
25/1/2010,32.4570
22/1/2010,32.8770
21/1/2010,32.7970
20/1/2010,32.7540
19/1/2010,32.6620
18/1/2010,32.6280
15/1/2010,32.6690
14/1/2010,32.6280
13/1/2010,32.7770
12/1/2010,32.9680
11/1/2010,32.8850
8/1/2010,32.8330
7/1/2010,32.9480
6/1/2010,32.9620
5/1/2010,33.1840
4/1/2010,32.5860
1/1/2010,32.7810
31/12/2009,32.9260
30/12/2009,33.0970
29/12/2009,33.1760
28/12/2009,33.2460
25/12/2009,32.7920
24/12/2009,32.8330
23/12/2009,33.1570
22/12/2009,33.0350
21/12/2009,33.0940
18/12/2009,32.8800
17/12/2009,32.9940
16/12/2009,33.1020
15/12/2009,32.9150
14/12/2009,32.9260
11/12/2009,32.9020
10/12/2009,32.9040
9/12/2009,32.9140
8/12/2009,33.0650
7/12/2009,32.8960
4/12/2009,33.0320
3/12/2009,32.9850
2/12/2009,32.9220
1/12/2009,32.6100
30/11/2009,32.9450
27/11/2009,32.9870
26/11/2009,33.0080
25/11/2009,32.8550
24/11/2009,32.9680
23/11/2009,33.0580
20/11/2009,33.0790
19/11/2009,32.9960
18/11/2009,33.0530
17/11/2009,32.9050
16/11/2009,32.9890
13/11/2009,33.0150
12/11/2009,33.1570
11/11/2009,33.0920
10/11/2009,33.0830
9/11/2009,33.1190
6/11/2009,33.1590
5/11/2009,33.2070
4/11/2009,33.1630
3/11/2009,33.0910
2/11/2009,33.3730
30/10/2009,33.2470
29/10/2009,33.2880
28/10/2009,33.2700
27/10/2009,33.1980
26/10/2009,33.3250
23/10/2009,33.2870
22/10/2009,33.2060
21/10/2009,33.2550
20/10/2009,33.1380
19/10/2009,33.1520
16/10/2009,33.2240
15/10/2009,33.2870
14/10/2009,33.1210
13/10/2009,33.0780
12/10/2009,33.1600
9/10/2009,33.0970
8/10/2009,33.1340
7/10/2009,33.1020
6/10/2009,33.1980
5/10/2009,33.2260
2/10/2009,33.2930
1/10/2009,32.9980
30/9/2009,33.2350
29/9/2009,32.9650
28/9/2009,33.0700
25/9/2009,33.0750
24/9/2009,33.4870
23/9/2009,33.3710
22/9/2009,33.4000
21/9/2009,33.1180
18/9/2009,33.1610
17/9/2009,33.4920
16/9/2009,33.5150
15/9/2009,33.2200
14/9/2009,33.8050
11/9/2009,33.7420
10/9/2009,33.7870
9/9/2009,33.8690
8/9/2009,33.8120
7/9/2009,33.8900
4/9/2009,33.8370
3/9/2009,33.9010
2/9/2009,33.8230
1/9/2009,33.8740
31/8/2009,33.8420
28/8/2009,33.8230
27/8/2009,33.5800
26/8/2009,33.8020
25/8/2009,33.9430
24/8/2009,33.8640
21/8/2009,33.7930
20/8/2009,33.8700
19/8/2009,33.8930
18/8/2009,33.9000
17/8/2009,33.9040
14/8/2009,33.8720
13/8/2009,33.8890
12/8/2009,33.8930
11/8/2009,33.8730
10/8/2009,33.8500
7/8/2009,33.7990
6/8/2009,33.8330
5/8/2009,33.7510
4/8/2009,33.7680
3/8/2009,33.8760
31/7/2009,33.8720
30/7/2009,33.8970
29/7/2009,33.8580
28/7/2009,33.8030
27/7/2009,33.7040
24/7/2009,33.7830
23/7/2009,34.0470
22/7/2009,34.0050
21/7/2009,33.7930
20/7/2009,33.9660
17/7/2009,34.0410
16/7/2009,33.8250
15/7/2009,33.9500
14/7/2009,33.9900
13/7/2009,34.0100
10/7/2009,34.0070
9/7/2009,34.0130
8/7/2009,33.8330
7/7/2009,34.0070
6/7/2009,33.8250
3/7/2009,33.9550
2/7/2009,34.1960
1/7/2009,33.9520
30/6/2009,33.9650
29/6/2009,33.7800
26/6/2009,34.0180
25/6/2009,33.9640
24/6/2009,34.0650
23/6/2009,33.9930
22/6/2009,34.0490
19/6/2009,34.0510
18/6/2009,34.1000
17/6/2009,33.7480
16/6/2009,34.0360
15/6/2009,33.9520
12/6/2009,34.1430
11/6/2009,33.8480
10/6/2009,34.0800
9/6/2009,33.8610
8/6/2009,34.2000
5/6/2009,34.2230
4/6/2009,34.1150
3/6/2009,34.0780
2/6/2009,34.0070
1/6/2009,33.9600
29/5/2009,34.2130
28/5/2009,34.2260
27/5/2009,34.4300
26/5/2009,34.2900
25/5/2009,34.1570
22/5/2009,34.1240
21/5/2009,34.1170
20/5/2009,34.3460
19/5/2009,34.2960
18/5/2009,34.2020
15/5/2009,34.4290
14/5/2009,34.4410
13/5/2009,34.4000
12/5/2009,34.3100
11/5/2009,34.6140
8/5/2009,34.3000
7/5/2009,34.7340
6/5/2009,35.1050
5/5/2009,35.2150
4/5/2009,35.0110
1/5/2009,34.6770
30/4/2009,35.0530
29/4/2009,35.3120
28/4/2009,35.2830
27/4/2009,35.7250
24/4/2009,35.2320
23/4/2009,35.1920
22/4/2009,35.5420
21/4/2009,35.4600
20/4/2009,35.4600
17/4/2009,35.4000
16/4/2009,35.3610
15/4/2009,35.2540
14/4/2009,35.1480
13/4/2009,34.7030
10/4/2009,35.2030
9/4/2009,35.2500
8/4/2009,35.3520
7/4/2009,35.3720
6/4/2009,34.9940
3/4/2009,35.1290
2/4/2009,35.0530
1/4/2009,35.2520
31/3/2009,35.4540
30/3/2009,35.4370
27/3/2009,35.2880
26/3/2009,35.1780
25/3/2009,35.2990
24/3/2009,35.4160
23/3/2009,35.1940
20/3/2009,35.2490
19/3/2009,35.2750
18/3/2009,35.8510
17/3/2009,35.6660
16/3/2009,35.8000
13/3/2009,35.5920
12/3/2009,35.7060
11/3/2009,35.6370
10/3/2009,36.0000
9/3/2009,36.0000
6/3/2009,36.0940
5/3/2009,36.0200
4/3/2009,35.8000
3/3/2009,35.9000
2/3/2009,36.0000
27/2/2009,35.9050
26/2/2009,35.8660
25/2/2009,35.6000
24/2/2009,35.5000
23/2/2009,35.5000
20/2/2009,35.2570
19/2/2009,35.3780
18/2/2009,35.1000
17/2/2009,35.1000
16/2/2009,35.0000
13/2/2009,34.9800
12/2/2009,34.9220
11/2/2009,34.9000
10/2/2009,34.9000
9/2/2009,34.8760
6/2/2009,34.5900
5/2/2009,34.7260
4/2/2009,34.8000
3/2/2009,34.8000
2/2/2009,34.8000
30/1/2009,35.0940
29/1/2009,34.6710
28/1/2009,34.6000
27/1/2009,34.8000
26/1/2009,34.8000
23/1/2009,34.5400
22/1/2009,34.6570
21/1/2009,34.8000
20/1/2009,34.8000
19/1/2009,34.8000
16/1/2009,34.5610
15/1/2009,34.5270
14/1/2009,34.6000
13/1/2009,34.7000
12/1/2009,34.7000
9/1/2009,34.7350
8/1/2009,34.7130
7/1/2009,34.9110
6/1/2009,34.6950
5/1/2009,34.5000
2/1/2009,34.4750
1/1/2009,34.4660
31/12/2008,34.1280
30/12/2008,34.2790
29/12/2008,34.8360
26/12/2008,34.6990
25/12/2008,34.4400
24/12/2008,33.9890
23/12/2008,34.4000
22/12/2008,34.3000
19/12/2008,34.2850
18/12/2008,34.2790
17/12/2008,34.3000
16/12/2008,34.6000
15/12/2008,34.8000
12/12/2008,34.8070
11/12/2008,34.8290
10/12/2008,35.2000
9/12/2008,35.2000
8/12/2008,35.4000
5/12/2008,35.2360
4/12/2008,35.6630
3/12/2008,35.2390
2/12/2008,35.3680
1/12/2008,35.5270
28/11/2008,35.2770
27/11/2008,35.1800
26/11/2008,34.8520
25/11/2008,35.0000
24/11/2008,34.9830
21/11/2008,34.8810
20/11/2008,35.1780
19/11/2008,34.8000
18/11/2008,34.8000
17/11/2008,34.7000
14/11/2008,35.1240
13/11/2008,34.8190
12/11/2008,34.7000
11/11/2008,34.7000
10/11/2008,34.7000
7/11/2008,34.7650
6/11/2008,34.9380
5/11/2008,34.7810
4/11/2008,34.7000
3/11/2008,35.0160
31/10/2008,34.9510
30/10/2008,34.7190
29/10/2008,34.6000
28/10/2008,34.6000
27/10/2008,34.5000
24/10/2008,34.2900
23/10/2008,34.4530
22/10/2008,34.2000
21/10/2008,34.1000
20/10/2008,34.0000
17/10/2008,34.1380
16/10/2008,34.0850
15/10/2008,33.8000
14/10/2008,33.8000
13/10/2008,34.1000
10/10/2008,34.3230
9/10/2008,34.2250
8/10/2008,34.1000
7/10/2008,34.2040
6/10/2008,34.1000
3/10/2008,34.1980
2/10/2008,34.0060
1/10/2008,33.7000
30/9/2008,33.8000
29/9/2008,33.7610
26/9/2008,33.7290
25/9/2008,33.7660
24/9/2008,33.7000
23/9/2008,33.7000
22/9/2008,33.7000
19/9/2008,33.9840
18/9/2008,34.2600
17/9/2008,34.1000
16/9/2008,34.0000
15/9/2008,34.3000
12/9/2008,34.4570
11/9/2008,34.4090
10/9/2008,34.4000
9/9/2008,34.2000
8/9/2008,34.2630
5/9/2008,34.4170
4/9/2008,34.4940
3/9/2008,34.2000
2/9/2008,34.2000
1/9/2008,34.0650
29/8/2008,34.0300
28/8/2008,33.8630
27/8/2008,33.9000
26/8/2008,33.9850
25/8/2008,null
22/8/2008,null
21/8/2008,null
20/8/2008,null
19/8/2008,null
18/8/2008,null
15/8/2008,null
14/8/2008,null
13/8/2008,null
12/8/2008,null
11/8/2008,null
8/8/2008,null
7/8/2008,null
6/8/2008,null
5/8/2008,null
4/8/2008,null
1/8/2008,null
31/7/2008,33.3540
30/7/2008,33.2000
29/7/2008,33.3000
28/7/2008,33.2000
25/7/2008,33.3220
24/7/2008,33.3280
23/7/2008,33.1000
22/7/2008,33.1000
21/7/2008,33.2330
18/7/2008,33.2870
17/7/2008,33.2940
16/7/2008,33.3000
15/7/2008,33.3000
14/7/2008,33.4000
11/7/2008,33.4920
10/7/2008,33.6050
9/7/2008,33.5940
8/7/2008,33.6260
7/7/2008,33.4000
4/7/2008,33.2310
3/7/2008,33.1370
2/7/2008,33.2000
1/7/2008,null
30/6/2008,33.3000
27/6/2008,33.3570
26/6/2008,33.3630
25/6/2008,33.1750
24/6/2008,33.3000
23/6/2008,33.2000
20/6/2008,33.1810
19/6/2008,33.2690
18/6/2008,33.0000
17/6/2008,33.0010
16/6/2008,33.1000
13/6/2008,33.1310
12/6/2008,32.8170
11/6/2008,32.9000
10/6/2008,33.0000
9/6/2008,33.0000
6/6/2008,33.0040
5/6/2008,32.6820
4/6/2008,32.5820
3/6/2008,32.4310
2/6/2008,32.4410
30/5/2008,32.4710
29/5/2008,32.3330
28/5/2008,31.9000
27/5/2008,31.9000
26/5/2008,31.9000
23/5/2008,31.8810
22/5/2008,31.6910
21/5/2008,31.6610
20/5/2008,32.0000
19/5/2008,32.0000
16/5/2008,32.2190
15/5/2008,32.3260
14/5/2008,32.2000
13/5/2008,32.0000
12/5/2008,31.6000
9/5/2008,31.8380
8/5/2008,31.5460
7/5/2008,31.5000
6/5/2008,31.5000
5/5/2008,31.4000
2/5/2008,31.5380
1/5/2008,null
30/4/2008,31.5000
29/4/2008,31.4000
28/4/2008,31.5000
25/4/2008,31.5220
24/4/2008,31.3950
23/4/2008,31.4610
22/4/2008,31.4000
21/4/2008,31.4010
18/4/2008,31.3990
17/4/2008,31.4600
16/4/2008,31.3700
15/4/2008,31.4600
14/4/2008,31.4080
11/4/2008,31.4750
10/4/2008,31.3550
9/4/2008,31.5000
8/4/2008,31.5600
7/4/2008,31.5150
4/4/2008,31.4930
3/4/2008,31.4570
2/4/2008,31.3000
1/4/2008,null
31/3/2008,31.3000
28/3/2008,31.2690
27/3/2008,31.1500
26/3/2008,31.1100
25/3/2008,31.3310
24/3/2008,31.0940
21/3/2008,29.0970
20/3/2008,31.0820
19/3/2008,30.9000
18/3/2008,31.4030
17/3/2008,30.9430
14/3/2008,31.2020
13/3/2008,31.3500
12/3/2008,31.2760
11/3/2008,31.4960
10/3/2008,31.4000
7/3/2008,31.4350
6/3/2008,31.3450
5/3/2008,31.5250
4/3/2008,31.4000
3/3/2008,31.4360
29/2/2008,29.6030
28/2/2008,29.3530
27/2/2008,29.7470
26/2/2008,29.7320
25/2/2008,30.8000
22/2/2008,32.0860
21/2/2008,31.2720
20/2/2008,31.2600
19/2/2008,31.5310
18/2/2008,31.5730
15/2/2008,31.5040
14/2/2008,31.9870
13/2/2008,31.9560
12/2/2008,31.9630
11/2/2008,31.6810
8/2/2008,31.2090
7/2/2008,31.0440
6/2/2008,30.9230
5/2/2008,30.9660
4/2/2008,31.0910
1/2/2008,31.1750
31/1/2008,31.0270
30/1/2008,31.2000
29/1/2008,31.1960
28/1/2008,31.2500
25/1/2008,31.1190
24/1/2008,30.8710
23/1/2008,30.8000
22/1/2008,30.5670
21/1/2008,30.8000
18/1/2008,31.0540
17/1/2008,30.1920
16/1/2008,29.5000
15/1/2008,29.6720
14/1/2008,29.5880
11/1/2008,29.3310
10/1/2008,29.1060
9/1/2008,29.3800
8/1/2008,29.5450
7/1/2008,29.5830
4/1/2008,29.6490
3/1/2008,29.6430
2/1/2008,29.8540
1/1/2008,29.4990
31/12/2007,29.7770
28/12/2007,29.7600
27/12/2007,29.7000
26/12/2007,30.1520
25/12/2007,30.0420
24/12/2007,29.9690
21/12/2007,29.9890
20/12/2007,30.4710
19/12/2007,30.1000
18/12/2007,null
17/12/2007,30.1000
14/12/2007,29.9380
13/12/2007,29.9180
12/12/2007,30.1000
11/12/2007,30.1000
10/12/2007,30.2500
7/12/2007,30.2910
6/12/2007,30.1140
5/12/2007,30.4500
4/12/2007,30.4500
3/12/2007,30.7000
30/11/2007,30.4930
29/11/2007,30.6860
28/11/2007,30.6940
27/11/2007,31.0880
26/11/2007,null
23/11/2007,31.2090
22/11/2007,31.3400
21/11/2007,31.4090
20/11/2007,31.3500
19/11/2007,31.3500
16/11/2007,31.6450
15/11/2007,31.5940
14/11/2007,31.4500
13/11/2007,31.4500
12/11/2007,31.7010
9/11/2007,31.5890
8/11/2007,31.5860
7/11/2007,31.7180
6/11/2007,31.3780
5/11/2007,31.5000
2/11/2007,31.8230
1/11/2007,31.7000
31/10/2007,31.6270
30/10/2007,31.4500
29/10/2007,31.3000
26/10/2007,31.7010
25/10/2007,31.4660
24/10/2007,31.4580
23/10/2007,31.4650
22/10/2007,31.3690
19/10/2007,31.4240
18/10/2007,31.4810
17/10/2007,31.3460
16/10/2007,31.4060
15/10/2007,31.5030
12/10/2007,31.4070
11/10/2007,31.5080
10/10/2007,31.3000
9/10/2007,31.2000
8/10/2007,31.4000
5/10/2007,31.6200
4/10/2007,31.6810
3/10/2007,31.6000
2/10/2007,31.6000
1/10/2007,31.5000
28/9/2007,31.7820
27/9/2007,31.5880
26/9/2007,31.3000
25/9/2007,31.7500
24/9/2007,31.8970
21/9/2007,31.7360
20/9/2007,31.9150
19/9/2007,31.9880
18/9/2007,31.8000
17/9/2007,31.8500
14/9/2007,31.9030
13/9/2007,32.1020
12/9/2007,32.0000
11/9/2007,32.2000
10/9/2007,null
7/9/2007,32.4590
6/9/2007,32.3500
5/9/2007,32.4980
4/9/2007,32.1000
3/9/2007,32.1000
31/8/2007,32.5220
30/8/2007,32.5000
29/8/2007,32.6000
28/8/2007,32.6000
27/8/2007,32.6000
24/8/2007,32.9130
23/8/2007,32.5250
22/8/2007,32.2000
21/8/2007,32.9510
20/8/2007,32.7740
17/8/2007,33.1980
16/8/2007,32.9660
15/8/2007,31.7000
14/8/2007,31.7000
13/8/2007,31.3260
10/8/2007,31.4850
9/8/2007,31.1770
8/8/2007,30.7500
7/8/2007,30.3060
6/8/2007,30.0340
3/8/2007,29.9500
2/8/2007,29.7000
1/8/2007,29.6000
31/7/2007,29.6000
30/7/2007,29.6000
27/7/2007,29.9510
26/7/2007,29.5790
25/7/2007,30.0620
24/7/2007,29.8510
23/7/2007,29.1500
20/7/2007,29.6830
19/7/2007,29.9000
18/7/2007,29.6960
17/7/2007,29.9410
16/7/2007,29.3920
13/7/2007,30.4540
12/7/2007,30.7500
11/7/2007,30.5000
10/7/2007,31.1410
9/7/2007,31.5600
6/7/2007,31.2860
5/7/2007,31.0500
4/7/2007,31.2430
3/7/2007,31.6000
2/7/2007,31.4930
29/6/2007,31.6630
28/6/2007,31.4410
27/6/2007,31.5000
26/6/2007,31.7940
25/6/2007,32.5000
22/6/2007,32.1590
21/6/2007,32.0400
20/6/2007,32.0720
19/6/2007,31.9390
18/6/2007,32.5000
15/6/2007,32.4890
14/6/2007,32.3000
13/6/2007,32.3000
12/6/2007,32.2110
11/6/2007,32.3000
8/6/2007,32.6240
7/6/2007,32.4000
6/6/2007,32.6940
5/6/2007,32.7000
4/6/2007,32.6110
1/6/2007,32.9760
31/5/2007,32.6930
30/5/2007,32.8500
29/5/2007,32.5900
28/5/2007,32.8500
25/5/2007,32.5780
24/5/2007,32.4780
23/5/2007,32.8500
22/5/2007,32.7000
21/5/2007,33.0000
18/5/2007,32.5820
17/5/2007,32.9900
16/5/2007,33.1900
15/5/2007,33.1000
14/5/2007,33.1000
11/5/2007,32.8240
10/5/2007,32.4500
9/5/2007,32.4500
8/5/2007,32.3000
7/5/2007,32.4500
4/5/2007,32.5770
3/5/2007,32.5900
2/5/2007,32.3920
1/5/2007,32.5980
30/4/2007,32.3000
27/4/2007,32.7500
26/4/2007,32.1900
25/4/2007,32.0690
24/4/2007,32.1900
23/4/2007,32.4500
20/4/2007,32.4620
19/4/2007,32.1380
18/4/2007,32.3000
17/4/2007,32.4920
16/4/2007,32.2000
13/4/2007,32.4190
12/4/2007,32.3430
11/4/2007,32.3000
10/4/2007,32.6630
9/4/2007,32.3420
6/4/2007,32.4960
5/4/2007,32.3000
4/4/2007,32.3000
3/4/2007,32.3000
2/4/2007,32.3000
30/3/2007,32.2780
29/3/2007,32.1000
28/3/2007,31.8000
27/3/2007,31.8390
26/3/2007,32.2010
23/3/2007,32.0690
22/3/2007,31.7000
21/3/2007,31.8960
20/3/2007,32.4970
19/3/2007,32.7000
16/3/2007,32.7890
15/3/2007,32.5890
14/3/2007,32.9000
13/3/2007,32.9660
12/3/2007,32.7970
9/3/2007,32.4040
8/3/2007,32.7760
7/3/2007,32.5400
6/3/2007,32.5000
5/3/2007,33.0000
2/3/2007,33.6870
1/3/2007,33.5960
28/2/2007,33.9960
27/2/2007,34.0400
26/2/2007,33.7940
23/2/2007,33.5010
22/2/2007,33.6410
21/2/2007,33.6900
20/2/2007,33.5440
19/2/2007,33.4940
16/2/2007,33.1500
15/2/2007,33.0990
14/2/2007,33.1370
13/2/2007,33.2430
12/2/2007,33.4390
9/2/2007,33.3090
8/2/2007,33.9900
7/2/2007,34.2500
6/2/2007,33.9370
5/2/2007,34.4910
2/2/2007,34.8270
1/2/2007,34.9410
31/1/2007,34.6500
30/1/2007,33.9920
29/1/2007,34.0430
26/1/2007,32.9740
25/1/2007,33.9990
24/1/2007,35.1430
23/1/2007,35.0170
22/1/2007,35.0800
19/1/2007,35.1300
18/1/2007,35.0000
17/1/2007,35.7500
16/1/2007,35.8000
15/1/2007,35.8140
12/1/2007,35.8100
11/1/2007,35.8410
10/1/2007,35.9910
9/1/2007,35.8910
8/1/2007,35.5880
5/1/2007,35.7240
4/1/2007,35.7440
3/1/2007,35.5430
2/1/2007,35.5410
1/1/2007,35.2910
29/12/2006,36.0450
28/12/2006,35.2880
27/12/2006,35.6930
26/12/2006,35.8400
25/12/2006,36.1950
22/12/2006,36.2560
21/12/2006,36.4350
20/12/2006,36.3700
19/12/2006,35.7490
18/12/2006,35.7500
15/12/2006,35.1210
14/12/2006,35.2100
13/12/2006,35.2600
12/12/2006,35.5100
11/12/2006,35.5100
8/12/2006,35.5070
7/12/2006,35.5200
6/12/2006,35.6300
5/12/2006,35.5930
4/12/2006,35.7310
1/12/2006,35.6600
30/11/2006,35.7880
29/11/2006,36.0750
28/11/2006,36.2700
27/11/2006,36.4200
24/11/2006,36.4100
23/11/2006,36.5000
22/11/2006,36.5000
21/11/2006,36.5700
20/11/2006,36.5890
17/11/2006,36.4280
16/11/2006,36.4900
15/11/2006,36.5030
14/11/2006,36.3760
13/11/2006,36.4800
10/11/2006,36.5160
9/11/2006,36.6440
8/11/2006,36.6890
7/11/2006,36.6150
6/11/2006,36.6790
3/11/2006,36.5980
2/11/2006,36.6600
1/11/2006,36.6550
31/10/2006,36.6030
30/10/2006,36.7600
27/10/2006,36.6600
26/10/2006,36.8700
25/10/2006,37.0390
24/10/2006,37.1850
23/10/2006,37.2320
20/10/2006,37.1740
19/10/2006,37.2730
18/10/2006,37.3420
17/10/2006,37.3180
16/10/2006,37.4200
13/10/2006,37.3250
12/10/2006,37.4650
11/10/2006,37.3890
10/10/2006,37.4520
9/10/2006,37.5530
6/10/2006,37.4340
5/10/2006,37.5450
4/10/2006,37.5710
3/10/2006,37.5580
2/10/2006,37.5570
29/9/2006,37.5390
28/9/2006,37.5190
27/9/2006,37.5090
26/9/2006,37.4830
25/9/2006,37.4500
22/9/2006,37.2240
21/9/2006,37.4880
20/9/2006,37.6380
19/9/2006,37.2070
18/9/2006,37.2260
15/9/2006,37.3080
14/9/2006,37.2520
13/9/2006,37.3080
12/9/2006,37.4800
11/9/2006,37.4600
8/9/2006,37.3860
7/9/2006,37.3390
6/9/2006,37.3400
5/9/2006,37.3430
4/9/2006,37.3310
1/9/2006,37.4320
31/8/2006,37.5320
30/8/2006,37.4870
29/8/2006,37.5410
28/8/2006,37.6100
25/8/2006,37.6530
24/8/2006,37.6620
23/8/2006,37.5740
22/8/2006,37.5890
21/8/2006,37.4390
18/8/2006,37.5150
17/8/2006,37.5550
16/8/2006,37.4220
15/8/2006,37.3600
14/8/2006,37.3340
11/8/2006,37.3390
10/8/2006,37.4290
9/8/2006,37.5330
8/8/2006,37.4180
7/8/2006,37.6290
4/8/2006,37.7170
3/8/2006,37.8480
2/8/2006,37.7910
1/8/2006,37.8360
31/7/2006,37.8180
28/7/2006,37.8080
27/7/2006,37.7760
26/7/2006,37.9110
25/7/2006,37.9810
24/7/2006,37.9450
21/7/2006,37.8820
20/7/2006,37.9650
19/7/2006,38.0800
18/7/2006,38.1200
17/7/2006,38.1560
14/7/2006,37.9210
13/7/2006,37.8810
12/7/2006,37.8800
11/7/2006,37.7650
10/7/2006,37.8210
7/7/2006,37.6940
6/7/2006,38.0990
5/7/2006,38.1300
4/7/2006,37.8400
3/7/2006,38.0200
30/6/2006,38.0810
29/6/2006,38.3110
28/6/2006,38.3900
27/6/2006,38.3800
26/6/2006,38.4470
23/6/2006,38.3470
22/6/2006,38.3480
21/6/2006,38.3050
20/6/2006,38.3530
19/6/2006,38.4270
16/6/2006,38.2340
15/6/2006,38.3660
14/6/2006,38.3890
13/6/2006,38.4750
12/6/2006,38.3950
9/6/2006,38.2690
8/6/2006,38.4610
7/6/2006,38.2700
6/6/2006,38.2230
5/6/2006,38.0700
2/6/2006,38.1000
1/6/2006,38.1280
31/5/2006,38.0960
30/5/2006,38.1780
29/5/2006,38.2120
26/5/2006,38.3150
25/5/2006,38.2920
24/5/2006,38.4760
23/5/2006,38.3260
22/5/2006,38.3120
19/5/2006,38.1430
18/5/2006,38.0510
17/5/2006,38.2400
16/5/2006,37.9590
15/5/2006,38.0300
12/5/2006,37.8560
11/5/2006,37.6780
10/5/2006,37.5700
9/5/2006,37.5870
8/5/2006,37.4730
5/5/2006,37.6150
4/5/2006,37.7220
3/5/2006,37.6340
2/5/2006,37.4770
1/5/2006,37.3920
28/4/2006,37.4820
27/4/2006,37.5820
26/4/2006,37.6700
25/4/2006,37.5970
24/4/2006,37.6660
21/4/2006,37.7880
20/4/2006,37.7320
19/4/2006,37.7660
18/4/2006,37.7900
17/4/2006,37.9460
14/4/2006,37.9910
13/4/2006,38.0450
12/4/2006,37.9920
11/4/2006,37.9980
10/4/2006,37.9610
7/4/2006,38.1720
6/4/2006,38.1910
5/4/2006,38.2640
4/4/2006,38.5810
3/4/2006,38.7570
31/3/2006,38.8200
30/3/2006,38.7900
29/3/2006,38.8880
28/3/2006,38.8410
27/3/2006,38.8230
24/3/2006,38.9490
23/3/2006,39.1160
22/3/2006,38.9800
21/3/2006,38.8550
20/3/2006,38.7450
17/3/2006,38.7550
16/3/2006,39.0920
15/3/2006,39.1150
14/3/2006,39.1150
13/3/2006,39.0630
10/3/2006,39.0710
9/3/2006,39.1290
8/3/2006,39.2400
7/3/2006,39.0240
6/3/2006,38.7960
3/3/2006,38.8070
2/3/2006,38.6000
1/3/2006,38.8870
28/2/2006,39.0290
27/2/2006,39.1950
24/2/2006,39.3070
23/2/2006,39.2530
22/2/2006,39.4200
21/2/2006,39.3630
20/2/2006,39.1890
17/2/2006,39.1650
16/2/2006,39.3200
15/2/2006,39.3210
14/2/2006,39.3300
13/2/2006,39.1650
10/2/2006,39.2130
9/2/2006,39.5650
8/2/2006,39.6300
7/2/2006,39.4850
6/2/2006,39.4400
3/2/2006,39.3030
2/2/2006,39.3150
1/2/2006,39.2300
31/1/2006,38.9050
30/1/2006,39.1100
27/1/2006,38.9780
26/1/2006,38.9690
25/1/2006,39.0560
24/1/2006,39.2900
23/1/2006,39.0850
20/1/2006,39.1600
19/1/2006,39.2300
18/1/2006,39.3970
17/1/2006,39.6970
16/1/2006,39.6550
13/1/2006,39.5550
12/1/2006,39.5130
11/1/2006,39.6330
10/1/2006,39.7450
9/1/2006,39.6650
6/1/2006,39.7180
5/1/2006,40.1300
4/1/2006,40.3390
3/1/2006,40.6930
2/1/2006,40.9590
30/12/2005,40.9270
29/12/2005,40.9370
28/12/2005,40.8650
27/12/2005,40.8200
26/12/2005,40.8480
23/12/2005,40.8980
22/12/2005,40.9040
21/12/2005,40.8930
20/12/2005,40.9140
19/12/2005,40.8890
16/12/2005,40.8630
15/12/2005,40.9000
14/12/2005,40.9610
13/12/2005,41.0750
12/12/2005,41.2000
9/12/2005,41.1910
8/12/2005,41.1950
7/12/2005,41.2400
6/12/2005,41.2800
5/12/2005,41.3050
2/12/2005,41.3240
1/12/2005,41.2220
30/11/2005,41.1790
29/11/2005,41.1620
28/11/2005,41.1560
25/11/2005,41.1690
24/11/2005,41.1450
23/11/2005,41.1010
22/11/2005,41.1410
21/11/2005,41.1450
18/11/2005,41.1650
17/11/2005,41.1190
16/11/2005,41.1210
15/11/2005,41.1130
14/11/2005,41.1900
11/11/2005,41.0460
10/11/2005,41.1010
9/11/2005,41.1900
8/11/2005,41.0800
7/11/2005,40.9650
4/11/2005,40.9590
3/11/2005,40.8300
2/11/2005,40.7900
1/11/2005,40.7800
31/10/2005,40.7300
28/10/2005,40.7300
27/10/2005,40.7020
26/10/2005,40.8190
25/10/2005,40.7710
24/10/2005,40.8490
21/10/2005,40.8940
20/10/2005,40.8690
19/10/2005,40.8980
18/10/2005,40.8010
17/10/2005,40.8500
14/10/2005,40.7670
13/10/2005,40.8780
12/10/2005,40.8930
11/10/2005,40.8940
10/10/2005,40.7530
7/10/2005,40.7950
6/10/2005,40.8820
5/10/2005,40.9950
4/10/2005,41.1200
3/10/2005,41.1040
30/9/2005,40.9910
29/9/2005,40.9730
28/9/2005,41.1030
27/9/2005,41.2280
26/9/2005,41.1660
23/9/2005,41.0670
22/9/2005,41.0250
21/9/2005,null
20/9/2005,41.0590
19/9/2005,41.0010
16/9/2005,40.9810
15/9/2005,40.9180
14/9/2005,40.8620
13/9/2005,40.8750
12/9/2005,40.8700
9/9/2005,40.8710
8/9/2005,40.9070
7/9/2005,40.9450
6/9/2005,41.0860
5/9/2005,40.9270
2/9/2005,40.9610
1/9/2005,41.0370
31/8/2005,41.2100
30/8/2005,41.2950
29/8/2005,40.9730
26/8/2005,40.9820
25/8/2005,41.0190
24/8/2005,41.0520
23/8/2005,40.9070
22/8/2005,40.9470
19/8/2005,41.1690
18/8/2005,41.2770
17/8/2005,41.2540
16/8/2005,41.1240
15/8/2005,40.9550
12/8/2005,40.7980
11/8/2005,40.7700
10/8/2005,40.8730
9/8/2005,41.0930
8/8/2005,41.1080
5/8/2005,40.9980
4/8/2005,41.1250
3/8/2005,41.1660
2/8/2005,41.2940
1/8/2005,41.5770
29/7/2005,41.6250
28/7/2005,41.7410
27/7/2005,41.6040
26/7/2005,41.5250
25/7/2005,41.2820
22/7/2005,41.3390
21/7/2005,41.2600
20/7/2005,42.0960
19/7/2005,41.9350
18/7/2005,41.7280
15/7/2005,41.7290
14/7/2005,41.7930
13/7/2005,41.8530
12/7/2005,41.7170
11/7/2005,41.9900
8/7/2005,41.9890
7/7/2005,41.7080
6/7/2005,41.5340
5/7/2005,41.5100
4/7/2005,41.3280
1/7/2005,41.3320
30/6/2005,41.2980
29/6/2005,41.2740
28/6/2005,41.2250
27/6/2005,41.0850
24/6/2005,41.0490
23/6/2005,41.0500
22/6/2005,41.0680
21/6/2005,41.1250
20/6/2005,41.1220
17/6/2005,41.0260
16/6/2005,40.9100
15/6/2005,40.8830
14/6/2005,40.8760
13/6/2005,40.8540
10/6/2005,40.6570
9/6/2005,40.6510
8/6/2005,40.5570
7/6/2005,40.5400
6/6/2005,40.5150
3/6/2005,40.6610
2/6/2005,40.6330
1/6/2005,40.7350
31/5/2005,40.5670
30/5/2005,40.3450
27/5/2005,40.2830
26/5/2005,40.3520
25/5/2005,40.0900
24/5/2005,39.9520
23/5/2005,39.8230
20/5/2005,39.9870
19/5/2005,39.8300
18/5/2005,39.8060
17/5/2005,39.8650
16/5/2005,39.8300
13/5/2005,39.5010
12/5/2005,39.4410
11/5/2005,39.4240
10/5/2005,39.4330
9/5/2005,39.4530
6/5/2005,39.4380
5/5/2005,39.4260
4/5/2005,39.4240
3/5/2005,39.4900
2/5/2005,39.5020
29/4/2005,39.4170
28/4/2005,39.5900
27/4/2005,39.4800
26/4/2005,39.5090
25/4/2005,39.3690
22/4/2005,39.5020
21/4/2005,39.4540
20/4/2005,39.3220
19/4/2005,39.4890
18/4/2005,39.4900
15/4/2005,39.6510
14/4/2005,39.6740
13/4/2005,39.4490
12/4/2005,39.5820
11/4/2005,39.5790
8/4/2005,39.5500
7/4/2005,39.5400
6/4/2005,39.4720
5/4/2005,39.5200
4/4/2005,39.4070
1/4/2005,39.2110
31/3/2005,39.0960
30/3/2005,39.2710
29/3/2005,39.2500
28/3/2005,39.2410
25/3/2005,38.9390
24/3/2005,38.8800
23/3/2005,38.6750
22/3/2005,38.5900
21/3/2005,38.2690
18/3/2005,38.2730
17/3/2005,38.2700
16/3/2005,38.2720
15/3/2005,38.4110
14/3/2005,38.2950
11/3/2005,38.2380
10/3/2005,38.2840
9/3/2005,38.2650
8/3/2005,38.2780
7/3/2005,38.3610
4/3/2005,38.3620
3/3/2005,38.4390
2/3/2005,38.3080
1/3/2005,38.2430
28/2/2005,38.2700
25/2/2005,38.3530
24/2/2005,38.3400
23/2/2005,38.3590
22/2/2005,38.2880
21/2/2005,38.5270
18/2/2005,38.4750
17/2/2005,38.4900
16/2/2005,38.3770
15/2/2005,38.3630
14/2/2005,38.4710
11/2/2005,38.4280
10/2/2005,38.5120
9/2/2005,38.5500
8/2/2005,38.3770
7/2/2005,38.2100
4/2/2005,38.3080
3/2/2005,38.4500
2/2/2005,38.4400
1/2/2005,38.5320
31/1/2005,38.5230
28/1/2005,38.4240
27/1/2005,38.4700
26/1/2005,38.4630
25/1/2005,38.5340
24/1/2005,38.4400
21/1/2005,38.4770
20/1/2005,38.4970
19/1/2005,38.4600
18/1/2005,38.4360
17/1/2005,38.4960
14/1/2005,38.7250
13/1/2005,38.7450
12/1/2005,38.9470
11/1/2005,38.9440
10/1/2005,39.0740
7/1/2005,39.1160
6/1/2005,39.2000
5/1/2005,39.0890
4/1/2005,39.0660
3/1/2005,38.9050
31/12/2004,38.7110
30/12/2004,38.9700
29/12/2004,38.9780
28/12/2004,38.9620
27/12/2004,38.9940
24/12/2004,38.8740
23/12/2004,38.9720
22/12/2004,38.9990
21/12/2004,38.9630
20/12/2004,38.9980
17/12/2004,39.1060
16/12/2004,39.2630
15/12/2004,39.2310
14/12/2004,39.3790
13/12/2004,39.2810
10/12/2004,39.7020
9/12/2004,39.5980
8/12/2004,39.3780
7/12/2004,38.9940
6/12/2004,39.1860
3/12/2004,39.0010
2/12/2004,39.2930
1/12/2004,39.1410
30/11/2004,39.2580
29/11/2004,39.4560
26/11/2004,39.3620
25/11/2004,39.4220
24/11/2004,39.5690
23/11/2004,39.7740
22/11/2004,39.8330
19/11/2004,39.9360
18/11/2004,40.0190
17/11/2004,40.0610
16/11/2004,40.3280
15/11/2004,40.3350
12/11/2004,40.2620
11/11/2004,40.5980
10/11/2004,40.7610
9/11/2004,40.5970
8/11/2004,40.7360
5/11/2004,40.7400
4/11/2004,40.9140
3/11/2004,41.1280
2/11/2004,40.9510
1/11/2004,41.0420
29/10/2004,40.8550
28/10/2004,null
27/10/2004,40.9650
26/10/2004,41.0030
25/10/2004,40.9230
22/10/2004,41.2080
21/10/2004,41.2460
20/10/2004,41.2480
19/10/2004,41.2330
18/10/2004,41.4050
15/10/2004,41.3680
14/10/2004,41.3400
13/10/2004,41.0890
12/10/2004,41.3020
11/10/2004,41.2210
8/10/2004,41.2500
7/10/2004,41.2750
6/10/2004,41.3700
5/10/2004,41.3610
4/10/2004,41.3590
1/10/2004,41.3940
30/9/2004,41.3060
29/9/2004,41.4590
28/9/2004,41.4720
27/9/2004,41.4710
24/9/2004,41.2690
23/9/2004,41.3290
22/9/2004,41.2960
21/9/2004,41.2790
20/9/2004,41.2370
17/9/2004,41.2020
16/9/2004,41.0390
15/9/2004,41.2290
14/9/2004,41.2250
13/9/2004,41.4390
10/9/2004,41.4880
9/9/2004,41.3770
8/9/2004,41.6130
7/9/2004,41.5720
6/9/2004,41.5930
3/9/2004,41.4790
2/9/2004,41.4510
1/9/2004,41.5100
31/8/2004,41.6160
30/8/2004,41.6210
27/8/2004,41.5740
26/8/2004,41.6070
25/8/2004,41.4010
24/8/2004,41.4260
23/8/2004,41.6000
20/8/2004,41.4100
19/8/2004,41.4090
18/8/2004,41.3210
17/8/2004,41.4470
16/8/2004,41.4780
13/8/2004,41.4170
12/8/2004,41.4060
11/8/2004,41.4750
10/8/2004,41.3840
9/8/2004,41.3550
6/8/2004,41.1780
5/8/2004,41.3940
4/8/2004,41.4480
3/8/2004,41.2810
2/8/2004,41.2630
30/7/2004,41.3140
29/7/2004,41.4440
28/7/2004,41.4370
27/7/2004,41.2320
26/7/2004,41.1850
23/7/2004,41.0110
22/7/2004,40.9990
21/7/2004,40.9100
20/7/2004,40.9180
19/7/2004,40.6910
16/7/2004,40.6970
15/7/2004,40.8370
14/7/2004,40.7170
13/7/2004,40.6850
12/7/2004,40.6320
9/7/2004,40.5810
8/7/2004,40.7270
7/7/2004,40.7210
6/7/2004,40.7660
5/7/2004,40.6580
2/7/2004,40.6380
1/7/2004,40.7170
30/6/2004,40.8350
29/6/2004,40.9280
28/6/2004,40.8570
25/6/2004,40.6070
24/6/2004,40.7950
23/6/2004,40.8800
22/6/2004,40.9210
21/6/2004,40.8310
18/6/2004,40.8810
17/6/2004,40.8430
16/6/2004,40.9380
15/6/2004,40.7780
14/6/2004,40.9260
11/6/2004,40.6430
10/6/2004,40.6230
9/6/2004,40.7220
8/6/2004,40.4980
7/6/2004,40.4590
4/6/2004,40.6400
3/6/2004,40.6490
2/6/2004,40.5380
1/6/2004,40.5750
31/5/2004,40.4930
28/5/2004,40.4830
27/5/2004,40.5510
26/5/2004,40.6720
25/5/2004,40.7270
24/5/2004,40.7030
21/5/2004,40.6190
20/5/2004,40.7990
19/5/2004,40.7280
18/5/2004,40.9040
17/5/2004,40.7570
14/5/2004,40.8120
13/5/2004,40.7220
12/5/2004,40.5150
11/5/2004,40.5260
10/5/2004,40.5180
7/5/2004,40.1520
6/5/2004,39.8790
5/5/2004,39.7370
4/5/2004,39.9230
3/5/2004,39.9630
30/4/2004,39.9370
29/4/2004,39.9820
28/4/2004,39.7060
27/4/2004,39.5580
26/4/2004,39.5780
23/4/2004,39.6020
22/4/2004,39.5710
21/4/2004,39.7270
20/4/2004,39.5630
19/4/2004,39.3670
16/4/2004,39.3670
15/4/2004,39.3010
14/4/2004,39.3690
13/4/2004,39.1250
12/4/2004,39.0870
9/4/2004,39.0450
8/4/2004,39.0410
7/4/2004,39.0170
6/4/2004,39.0510
5/4/2004,39.0340
2/4/2004,39.1280
1/4/2004,39.1060
31/3/2004,39.2250
30/3/2004,39.6400
29/3/2004,39.6960
26/3/2004,39.3760
25/3/2004,39.5090
24/3/2004,39.7820
23/3/2004,39.1220
22/3/2004,39.3930
19/3/2004,39.3420
18/3/2004,39.3210
17/3/2004,39.4430
16/3/2004,39.3900
15/3/2004,39.3580
12/3/2004,39.2680
11/3/2004,39.0930
10/3/2004,39.3590
9/3/2004,39.2580
8/3/2004,39.4200
5/3/2004,39.2330
4/3/2004,39.5660
3/3/2004,39.4490
2/3/2004,39.3230
1/3/2004,39.2300
27/2/2004,39.2310
26/2/2004,39.2590
25/2/2004,39.2260
24/2/2004,39.1940
23/2/2004,39.2030
20/2/2004,39.1450
19/2/2004,38.9260
18/2/2004,39.2470
17/2/2004,38.9300
16/2/2004,38.8980
13/2/2004,39.0070
12/2/2004,38.8100
11/2/2004,38.8450
10/2/2004,39.0110
9/2/2004,38.9000
6/2/2004,39.0030
5/2/2004,38.9530
4/2/2004,39.0140
3/2/2004,39.0230
2/2/2004,39.1570
30/1/2004,39.0560
29/1/2004,39.1720
28/1/2004,39.2220
27/1/2004,39.0720
26/1/2004,39.4670
23/1/2004,39.1850
22/1/2004,38.9610
21/1/2004,38.8390
